ball,name
W4,RDQS1_C_B
Y3,RDQS1_T_B
W12,RDQS0_C_B
Y13,RDQS0_T_B
C12,RDQS1_C_A
B13,RDQS1_T_A
C4,RDQS0_C_A
B3,RDQS0_T_A
AA4,DMI1_B
AA12,DMI0_B
A12,DMI1_A
A4,DMI0_A
R10,CS1_B
P9,CS0_B
G6,CS1_A
H7,CS0_A
V5,WCK1_C_B
U4,WCK1_T_B
V11,WCK0_C_B
U12,WCK0_T_B
D11,WCK1_C_A
E12,WCK1_T_A
D5,WCK0_C_A
E4,WCK0_T_A
N7,CK_C_B
P7,CK_T_B
J9,CK_C_A
H9,CK_T_A
R4,CA6_B
P3,CA5_B
R6,CA4_B
P5,CA3_B
R8,CA2_B
P11,CA1_B
R12,CA0_B
G12,CA6_A
H13,CA5_A
G10,CA4_A
H11,CA3_A
G8,CA2_A
H5,CA1_A
G4,CA0_A
J6,RFU_2
J4,RFU_1
P1,RFU_3
H15,ZQ_A
H1,RESET*
T5,DQ15_B
U6,DQ14_B
W6,DQ13_B
Y5,DQ12_B
V3,DQ11_B
U2,DQ10_B
W2,DQ9_B
V1,DQ8_B
T11,DQ7_B
U10,DQ6_B
W10,DQ5_B
Y11,DQ4_B
V13,DQ3_B
U14,DQ2_B
W14,DQ1_B
V15,DQ0_B
F11,DQ15_A
E10,DQ14_A
C10,DQ13_A
B11,DQ12_A
D13,DQ11_A
E14,DQ10_A
C14,DQ9_A
D15,DQ8_A
F5,DQ7_A
E6,DQ6_A
C6,DQ5_A
B5,DQ4_A
D3,DQ3_A
E2,DQ2_A
C2,DQ1_A
D1,DQ0_A
AA13,VDDQ_40
AA3,VDDQ_39
Y14,VDDQ_38
Y2,VDDQ_37
W13,VDDQ_36
W3,VDDQ_35
V12,VDDQ_34
V4,VDDQ_33
U11,VDDQ_32
U5,VDDQ_31
T15,VDDQ_30
T13,VDDQ_29
T12,VDDQ_28
T4,VDDQ_27
T3,VDDQ_26
T1,VDDQ_25
R15,VDDQ_24
R14,VDDQ_23
R2,VDDQ_22
R1,VDDQ_21
G15,VDDQ_20
G14,VDDQ_19
G2,VDDQ_18
G1,VDDQ_17
F15,VDDQ_16
F13,VDDQ_15
F12,VDDQ_14
F4,VDDQ_13
F3,VDDQ_12
F1,VDDQ_11
E11,VDDQ_10
E5,VDDQ_9
D12,VDDQ_8
D4,VDDQ_7
C13,VDDQ_6
C3,VDDQ_5
B14,VDDQ_4
B2,VDDQ_3
A13,VDDQ_2
A3,VDDQ_1
AA10,VDD2L_16
AA6,VDD2L_15
Y10,VDD2L_14
Y6,VDD2L_13
P14,VDD2L_12
P2,VDD2L_11
N14,VDD2L_10
N2,VDD2L_9
J14,VDD2L_8
J2,VDD2L_7
H14,VDD2L_6
H2,VDD2L_5
B10,VDD2L_4
B6,VDD2L_3
A10,VDD2L_2
A6,VDD2L_1
AA9,VDD2H_61
AA8,VDD2H_60
AA7,VDD2H_59
Y9,VDD2H_58
Y7,VDD2H_57
W9,VDD2H_56
W7,VDD2H_55
V8,VDD2H_54
U9,VDD2H_53
U7,VDD2H_52
T10,VDD2H_51
T9,VDD2H_50
T7,VDD2H_49
T6,VDD2H_48
N11,VDD2H_47
N5,VDD2H_46
M15,VDD2H_45
M14,VDD2H_44
M13,VDD2H_43
M12,VDD2H_42
M11,VDD2H_41
M10,VDD2H_40
M6,VDD2H_39
M5,VDD2H_38
M4,VDD2H_37
M3,VDD2H_36
M2,VDD2H_35
M1,VDD2H_34
L10,VDD2H_33
L9,VDD2H_32
L8,VDD2H_31
L7,VDD2H_30
L6,VDD2H_29
K15,VDD2H_28
K14,VDD2H_27
K13,VDD2H_26
K12,VDD2H_25
K11,VDD2H_24
K10,VDD2H_23
K6,VDD2H_22
K5,VDD2H_21
K4,VDD2H_20
K3,VDD2H_19
K2,VDD2H_18
K1,VDD2H_17
J11,VDD2H_16
J5,VDD2H_15
F10,VDD2H_14
F9,VDD2H_13
F7,VDD2H_12
F6,VDD2H_11
E9,VDD2H_10
E7,VDD2H_9
D8,VDD2H_8
C9,VDD2H_7
C7,VDD2H_6
B9,VDD2H_5
B7,VDD2H_4
A9,VDD2H_3
A8,VDD2H_2
A7,VDD2H_1
W15,VDD1_4
W1,VDD1_3
C15,VDD1_2
C1,VDD1_1
AA15,NC_12
AA14,NC_11
AA2,NC_10
AA1,NC_9
Y15,NC_8
Y1,NC_7
B15,NC_6
B1,NC_5
A15,NC_4
A14,NC_3
A2,NC_2
A1,NC_1
AA11,VSS_103
AA5,VSS_102
Y12,VSS_101
Y8,VSS_100
Y4,VSS_99
W11,VSS_98
W8,VSS_97
W5,VSS_96
V14,VSS_95
V10,VSS_94
V9,VSS_93
V7,VSS_92
V6,VSS_91
V2,VSS_90
U15,VSS_89
U13,VSS_88
U8,VSS_87
U3,VSS_86
U1,VSS_85
T14,VSS_84
T8,VSS_83
T2,VSS_82
R13,VSS_81
R11,VSS_80
R9,VSS_79
R7,VSS_78
R5,VSS_77
R3,VSS_76
P15,RFU_4
P13,VSS_74
P12,VSS_73
P10,VSS_72
P8,VSS_71
P6,VSS_70
P4,VSS_69
N15,VSS_68
N13,VSS_67
N12,VSS_66
N10,VSS_65
N9,VSS_64
N8,VSS_63
N6,VSS_62
N4,VSS_61
N3,VSS_60
N1,VSS_59
M9,VSS_58
M8,VSS_57
M7,VSS_56
L15,VSS_55
L14,VSS_54
L13,VSS_53
L12,VSS_52
L11,VSS_51
L5,VSS_50
L4,VSS_49
L3,VSS_48
L2,VSS_47
L1,VSS_46
K9,VSS_45
K8,VSS_44
K7,VSS_43
J15,VSS_42
J13,VSS_41
J12,VSS_40
J10,VSS_39
J8,VSS_38
J7,VSS_37
J3,VSS_36
J1,VSS_35
H12,VSS_34
H10,VSS_33
H8,VSS_32
H6,VSS_31
H4,VSS_30
H3,VSS_29
G13,VSS_28
G11,VSS_27
G9,VSS_26
G7,VSS_25
G5,VSS_24
G3,VSS_23
F14,VSS_22
F8,VSS_21
F2,VSS_20
E15,VSS_19
E13,VSS_18
E8,VSS_17
E3,VSS_16
E1,VSS_15
D14,VSS_14
D10,VSS_13
D9,VSS_12
D7,VSS_11
D6,VSS_10
D2,VSS_9
C11,VSS_8
C8,VSS_7
C5,VSS_6
B12,VSS_5
B8,VSS_4
B4,VSS_3
A11,VSS_2
A5,VSS_1
