ball,name
A1,VSS_0
1N1,LP4_A1_A/LP4X_A1_A/LP5_A1_A
A2,LP4_DQ11_B/LP4X_DQ11_B/LP5_DQ11_B
1N2,VSS_59
A3,LP4_DQS1P_B/LP4X_DQS1P_B/LP5_RDQS1P_B
1N3,LP4_CKE0_A/LP4X_CKE0_A/LP5_CSN0_A
A4,VSS_1
1N4,VSS_60
A5,LP4_DQ6_B/LP4X_DQ6_B/LP5_DQ6_B
1N5,LP4_CKE1_A/LP4X_CKE1_A/LP5_CSN1_A
A7,SAI1_SDO0_M0/SAI4_SDI_M0/SPI3_CLK_M2/PWM2_CH6_M0/GPIO4_A7_d
1N6,VSS_61
A9,VO_LCDC_D22/VO_EBC_GDSP/ETH0_MDIO_M0/PDM1_SDI3_M2/DSMC_DATA15/FLEXBUS0_D7/UART1_RTSN_M2/SPI2_CSN1_M2/PWM1_CH1_M3/GPIO3_A5_d
1N20,AVSS1_20
A11,VO_LCDC_D16/VO_EBC_SDCE0/ETH0_TXCTL_M0/PDM1_SDI0_M2/DSMC_DATA10/FLEXBUS0_D2/UART9_TX_M1/I2C8_SCL_M3/GPIO3_B3_d
1N21,AVSS1_21
A13,VO_LCDC_D17/VO_EBC_SDCE1/ETH0_RXD0_M0/PDM1_SDI1_M2/DSMC_DATA11/FLEXBUS0_D3/UART9_RX_M1/I2C8_SDA_M3/GPIO3_B2_d
1N22,PCIE0_REFCLKP
A15,VI_CIF_D2/ETH1_TXD2_M0/SAI2_LRCK_M1/PDM1_SDI3_M0/UART11_RTSN_M1/SPI1_MISO_M1/PWM0_CH0_M2/GPIO2_C3_d
1N23,PCIE0_REFCLKN
A17,VI_CIF_D5/ETH1_RXD2_M0/ETH0_PTP_REFCLK_M1/PDM1_SDI1_M0/UART9_RX_M0/PWM1_CH0_M2/GPIO2_C0_d
1N24,AVSS1_22
A19,VI_CIF_D9/SDMMC1_PWREN_M1/ETH0_TXD2_M1/SAI0_SDI3_M0/PDM0_SDI0_M3/UART7_CTSN_M0/SPI4_MOSI_M3/SATA0_ACTLED_M0/GPIO2_B4_d
1P1,LP4_DQ2_A/LP4X_DQ2_A/LP5_DQ2_A
A21,VI_CIF_D7/ETH1_PTP_REFCLK_M1/ETH0_RXD3_M1/SAI0_SCLK_M0/UART7_TX_M0/UART8_RTSN_M1/I2C8_SCL_M2/GPIO2_B6_d
1P2,VSS_62
A23,SDMMC0_D2/FSPI1_D2_M0/DSM_AUD_RP_M0/SAI3_LRCK_M3/JTAG_TCK_M0/UART5_RTSN_M2/SPI0_CSN1_M1/CAN1_RX_M0/I3C1_SCL_M1/GPIO2_A2_d
1P3,VSS_63
A25,SARADC_IN0_BOOT
1P4,VSS_64
A26,ETH1_TXCTL_M1/FSPI1_D2_M1/PDM0_SDI0_M2/UART2_TX_M0/I2C8_SCL_M1/SATA_CPPOD/GPIO1_C6_d
1P5,LP4_A5_A/LP4X_A5_A/LP5_A5_A
A27,ETH1_TXD2_M1/SDMMC1_D3_M0/SAI3_SDI_M1/UART3_RTSN_M2/SPI1_CSN0_M0/GPIO1_B7_d
1P6,VSS_65
A28,ETH1_RXD2_M1/SDMMC1_D0_M0/SAI3_SCLK_M1/I2C9_SDA_M1/SPI1_CLK_M0/PCIE1_CLKREQN_M1/PWM1_CH0_M1/GPIO1_B4_d
1P20,VSS_66
A29,VSS_2
1P21,VSS_67
B1,LP4_DQ9_B/LP4X_DQ9_B/LP5_DQ9_B
1P22,VSS_68
B2,LP4_DQ10_B/LP4X_DQ10_B/LP5_DQ10_B
1P23,SPI2_MISO_M0/I2C0_SDA_M0/GPIO0_B1_z
B3,LP4_DQS1N_B/LP4X_DQS1N_B/LP5_RDQS1N_B
1P24,VSS_69
B4,LP4_DMI0_B/LP4X_DMI0_B/LP5_DMI0_B
1R1,VSS_70
B5,VSS_3
1R2,VSS_71
B6,SAI1_SDO3_M0/SAI1_SDI1_M0/PDM1_SDI1_M1/FLEXBUS1_D15_M1/SPI4_MISO_M2/MIPI_TE_M0/GPIO4_B2_d
1R3,LP4_A2_A/LP4X_A2_A/LP5_A2_A
B7,SAI1_SDO2_M0/SAI1_SDI2_M0/PDM1_SDI2_M1/FLEXBUS1_D14_M1/SPI4_MOSI_M2/UART5_RX_M1/UART6_CTSN_M0/UART2_CTSN_M1/GPIO4_B1_d
1R4,LP4_CSN0_A/LP4X_CSN0_A
B8,SPDIF_RX0_M0/FLEXBUS0_CSN_M4/UART2_RX_M1/I2C3_SDA_M0/CAN1_RX_M2/GPIO4_B4_d
1R5,LP5_A6_A
B9,VO_LCDC_D9/VO_EBC_SDDO9/ETH0_TXD3_M0/SAI2_SCLK_M2/DSMC_INT1/FLEXBUS0_D9/UART11_RTSN_M0/SPI4_MISO_M1/I2C9_SCL_M3/PWM2_CH0_M3/GPIO3_C2_d
1R6,ZQ_A
B10,VO_LCDC_D15/VO_EBC_SDDO15/ETH0_TXD1_M0/SPDIF_RX1_M0/DSMC_DATA9/FLEXBUS0_D1/UART9_RTSN_M1/PWM1_CH4_M3/GPIO3_B4_d
1R24,TSADC_CTRL_M0/TSADC_CTRL_ORG/GPIO0_A1_z
B11,VO_LCDC_D13/VO_EBC_SDDO13/ETH0_TXCLK_M0/DSMC_DQS1/FLEXBUS0_CLK/SPI3_CSN0_M1/PWM0_CH1_M3/GPIO3_B6_d
1T1,LP4_DQ1_A/LP4X_DQ1_A/LP5_DQ1_A
B12,VO_LCDC_D0/VO_EBC_SDDO0/ETH0_RXD2_M0/SAI2_SDO_M2/DSMC_CSN0/FLEXBUS1_D2/UART2_CTSN_M2/I3C1_SCL_M2/PWM2_CH5_M3/GPIO3_D3_d
1T2,LP4_A3_A/LP4X_A3_A/LP5_A3_A
B13,VO_LCDC_D20/VO_EBC_VCOM/ETH0_RXCTL_M0/PDM1_CLK1_M2/DSMC_DATA13/FLEXBUS0_D5/UART1_TX_M2/UART10_RTSN_M0/GPIO3_A7_d
1T3,VSS_72
B14,VO_LCDC_D19/VO_EBC_SDCE3/ETH0_MCLK_M0/SAI4_MCLK_M1/DSMC_CSN1/FLEXBUS0_D8/UART10_RX_M0/SPI2_MOSI_M2/PWM0_CH0_M3/GPIO3_B0_d
1T4,LP4_CSN1_A/LP4X_CSN1_A
B15,ETH1_TXD1_M0/SAI4_LRCK_M3/UART4_RTSN_M0/I2C5_SDA_M2/PWM0_CH1_M2/GPIO2_C7_d
1T5,VSS_73
B16,ETH1_TXCTL_M0/SAI4_SDI_M3/UART4_TX_M0/I2C6_SCL_M2/PWM2_CH0_M2/GPIO2_D0_d
1T6,VSS_74
B17,CAM_CLK0_OUT_M1/ETH1_RXD1_M0/SAI4_MCLK_M3/UART6_TX_M1/I3C1_SCL_M0/PWM2_CH2_M2/GPIO2_D2_d
1T20,VSS_75
B18,ETH1_RXCTL_M0/UART6_RX_M1/I3C1_SDA_M0/PWM2_CH3_M2/GPIO2_D3_d
1T21,PMIC_INT/GPIO0_A6_u
B19,VI_CIF_D13/SDMMC1_D2_M1/ETH0_TXD1_M1/SAI0_SDI0_M0/PDM0_SDI3_M3/UART1_TX_M1/GPIO2_B0_d
1T22,SPI2_CLK_M0/I2C1_SCL_M0/GPIO0_B2_z
B20,VI_CIF_D14/SDMMC1_D1_M1/ETH0_TXCTL_M1/SAI0_SDO1_M0/UART8_RX_M1/I2C4_SDA_M2/GPIO2_A7_d
1T23,SPI2_MOSI_M0/I2C1_SDA_M0/GPIO0_B3_z
B21,VI_CIF_D6/ETH0_RXD2_M1/SAI0_LRCK_M0/UART7_RX_M0/UART8_CTSN_M1/I2C8_SDA_M2/GPIO2_B7_d
1T24,PWR_CTRL2/GPIO0_A4_d
B22,VI_CIF_D15/SDMMC1_D0_M1/ETH0_RXD0_M1/SAI0_SDO0_M0/UART8_TX_M1/SPI4_CSN1_M3/I2C4_SCL_M2/GPIO2_A6_d
1U1,LP4_DQS0P_A/LP4X_DQS0P_A/LP5_RDQS0P_A
B23,SDMMC0_D3/FSPI1_D3_M0/DSM_AUD_RN_M0/SAI3_SDI_M3/JTAG_TMS_M0/UART5_CTSN_M2/CAN1_TX_M0/I3C1_SDA_M1/GPIO2_A3_d
1U2,VSS_76
B24,SDMMC0_D0/FSPI1_D0_M0/DSM_AUD_LP_M0/UART0_RX_M1/UART7_RX_M2/I2C8_SCL_M0/SPI0_MOSI_M1/CAN0_RX_M0/PWM2_CH2_M0/GPIO2_A0_d
1U3,VSS_77
B25,SDMMC0_D1/FSPI1_D1_M0/DSM_AUD_LN_M0/SAI3_MCLK_M3/UART0_TX_M1/UART7_TX_M2/I2C8_SDA_M0/SPI0_MISO_M1/CAN0_TX_M0/PWM2_CH3_M0/GPIO2_A1_d
1U4,VSS_78
B26,ETH1_TXD3_M1/SDMMC1_CMD_M0/PDM0_SDI2_M2/UART3_TX_M2/SPI1_CSN1_M0/PWM0_CH0_M1/GPIO1_C0_d
1U5,LP4_RESET/LP4X_RESET/LP5_RESET
B27,ETH1_RXD3_M1/SDMMC1_D1_M0/SAI3_LRCK_M1/I2C9_SCL_M1/SPI1_MOSI_M0/PWM1_CH1_M1/GPIO1_B5_d
1U6,VSS_79
B28,ETH1_TXD1_M1/FSPI1_D1_M1/UART4_RX_M1/UART2_CTSN_M0/SPI2_MISO_M1/PCIE1_BUTTONRSTN/GPIO1_C5_d
1U20,PMUIO1_VCC
B29,ETH1_PPSCLK_M1/SDMMC1_PWREN_M0/FSPI1_RSTN_M1/FSPI1_CSN1_M1/UART4_RTSN_M1/I2C6_SCL_M1/SPI2_CSN1_M1/PWM1_CH2_M1/GPIO1_C2_u
1U21,SDMMC0_DETN/SPI2_CSN1_M0/GPIO0_A7_u
C1,VSS_4
1U22,AUPLL_CLK_IN_M1/SPI2_CSN0_M0/I2C0_SCL_M0/GPIO0_B0_z
C28,ETH1_MDIO_M1/SAI2_SDI_M0/I3C0_SDA_M1/PWM1_CH4_M1/GPIO1_D3_d
1U23,CLK_32K_IN/CLK0_32K_OUT/I2C6_SCL_M0/GPIO0_A2_d
C29,ETH1_RXD1_M1/SAI2_SDO_M0/UART10_TX_M1/GPIO1_D0_d
1U24,UART0_TX_M0/JTAG_TCK_M1/GPIO0_D4_u
D1,LP4_DQ15_B/LP4X_DQ15_B/LP5_DQ15_B
1V1,LP4_DMI0_A/LP4X_DMI0_A/LP5_DMI0_A
D28,EMMC_D6/SAI3_LRCK_M0/PDM0_CLK1_M1/SPI0_MISO_M2/I2C9_SDA_M0/GPIO1_A6_u
1V2,VSS_80
E1,LP4_DQ14_B/LP4X_DQ14_B/LP5_DQ14_B
1V3,LP4_DQ4_A/LP4X_DQ4_A/LP5_DQ4_A
E28,EMMC_D0/FSPI0_D0/SAI0_SCLK_M2/UART7_RTSN_M1/I2C2_SCL_M1/GPIO1_A0_u
1V4,LP5_WCK0N_A
E29,EMMC_D1/FSPI0_D1/SAI0_LRCK_M2/UART7_CTSN_M1/I2C2_SDA_M1/GPIO1_A1_u
1V5,LP5_WCK0P_A
F28,EMMC_D3/FSPI0_D3/SAI0_SDO2_M2/SAI0_SDI2_M2/PDM0_SDI1_M1/UART7_RX_M1/UART6_CTSN_M2/GPIO1_A3_u
1V6,VSS_81
G1,LP4_DQ7_B/LP4X_DQ7_B/LP5_DQ7_B
1V24,I2C0_SDA_M1/UART8_RX_M2/I3C0_SDA_M0/GPIO0_C2_d
G28,EMMC_D5/SAI3_SCLK_M0/PDM0_SDI2_M1/SPI0_MOSI_M2/I2C9_SCL_M0/GPIO1_A5_u
1W1,VSS_82
G29,AVSS1_0
1W2,LP4_DQ13_A/LP4X_DQ13_A/LP5_DQ13_A
H1,LP4_DQS0P_B/LP4X_DQS0P_B/LP5_RDQS0P_B
1W3,VSS_83
H28,MIPI_DPHY_CSI3_RX_D0P
1W4,LP4_DQ5_A/LP4X_DQ5_A/LP5_DQ5_A
H29,MIPI_DPHY_CSI3_RX_D0N
1W5,VSS_84
J28,MIPI_DPHY_CSI3_RX_D1P
1W6,VSS_85
J29,MIPI_DPHY_CSI3_RX_D1N
1W20,MIPI_DPHY_CSI1/2_RX_AVDD1V8
K1,LP4_DQ3_B/LP4X_DQ3_B/LP5_DQ3_B
1W21,PDM0_CLK1_M0/HDMI_TX_CEC_M1/SPI0_CSN1_M0/PWM0_CH1_M0/GPIO0_C3_d
K28,MIPI_DPHY_CSI3_RX_D2P/MIPI_DPHY_CSI4_RX_D0P
1W22,SAI0_MCLK_M1/PDM0_CLK0_M0/UART10_TX_M2/PWM0_CH0_M0/GPIO0_C4_d
K29,MIPI_DPHY_CSI3_RX_D2N/MIPI_DPHY_CSI4_RX_D0N
1W23,SAI0_SDI0_M1/PDM0_SDI0_M0/SPI0_MOSI_M0/GPIO0_D0_d
L1,LP4_A0_B/LP4X_A0_B/LP5_A0_B
1W24,I2C2_SCL_M0/UART1_TX_M0/NPU_AVS/PWM1_CH4_M0/GPIO0_B7_d
L28,MIPI_DPHY_CSI3_RX_D3P/MIPI_DPHY_CSI4_RX_D1P
1Y1,LP4_DQ12_A/LP4X_DQ12_A/LP5_DQ12_A
L29,MIPI_DPHY_CSI3_RX_D3N/MIPI_DPHY_CSI4_RX_D1N
1Y2,VSS_86
M28,PCIE1_RXP/SATA1_RXP/USB3_OTG1_SSRXP
1Y3,VSS_87
M29,PCIE1_RXN/SATA1_RXN/USB3_OTG1_SSRXN
1Y4,VSS_88
N1,LP4_CLKN_B/LP4X_CLKN_B/LP5_CLKN_B
1Y5,VSS_89
N28,PCIE1_TXP/SATA1_TXP/USB3_OTG1_SSTXP
1Y6,VSS_90
N29,PCIE1_TXN/SATA1_TXN/USB3_OTG1_SSTXN
1Y20,AVSS_9
P1,LP4_CLKN_A/LP4X_CLKN_A/LP5_CLKN_A
1Y21,SAI0_SCLK_M1/I2C3_SCL_M1/SPI0_CSN0_M0/GPIO0_C6_d
P28,PCIE0_TXN/SATA0_TXN
1Y22,SAI0_SDI2_M1/SAI0_SDO2_M1/PDM0_SDI2_M0/I2C4_SCL_M0/CPUBIG_AVS/PWM1_CH5_M0/UART1_CTSN_M0/GPIO0_D2_d
P29,PCIE0_TXP/SATA0_TXP
1Y23,SAI0_LRCK_M1/I2C3_SDA_M1/SPI0_CLK_M0/GPIO0_C7_d
R28,PCIE0_RXP/SATA0_RXP
1Y24,SDMMC0_PWREN/SDMMC1_DETN_M2/HDMI_TX_HPDIN_M1/EDP_TX_HPDIN_M1/PWM1_CH2_M0/GPIO0_B6_d
R29,PCIE0_RXN/SATA0_RXN
1AA1,LP4_DQ15_A/LP4X_DQ15_A/LP5_DQ15_A
T1,LP4_A0_A/LP4X_A0_A/LP5_A0_A
1AA2,VSS_91
T28,AVSS1_1
1AA3,LP4_DQ14_A/LP4X_DQ14_A/LP5_DQ14_A
T29,AVSS1_2
1AA4,VSS_92
U1,LP4_DQ3_A/LP4X_DQ3_A/LP5_DQ3_A
1AA5,LP5_WCK1N_A
U28,OSC_XIN
1AA6,LP5_WCK1P_A
U29,OSC_XOUT
1AA20,HDMI_TX_REXT/EDP_TX_REXT
V28,VSS_5
1AA21,VSS_93
V29,REF_CLK0_OUT/AUPLL_CLK_IN_M0/GPIO0_A0_d
1AA22,SAI0_SDO0_M1/DP_HPDIN_M1/UART10_RX_M2/I3C0_SDA_PU_M0/GPIO0_C5_d
W1,LP4_DQ0_A/LP4X_DQ0_A/LP5_DQ0_A
1AA23,SAI0_SDI3_M1/SAI0_SDO1_M1/PDM0_SDI3_M0/I2C4_SDA_M0/GPU_AVS/PWM2_CH0_M0/UART1_RTSN_M0/GPIO0_D3_d
W28,NPOR
1AA24,VSS_94
Y1,LP4_DQS0N_A/LP4X_DQS0N_A/LP5_RDQS0N_A
1AB1,LP4_DQ9_A/LP4X_DQ9_A/LP5_DQ9_A
Y28,PWR_CTRL1/TSADC_CTRL_M1/GPIO0_A3_d
1AB2,VSS_95
Y29,PWR_CTRL3/I2C6_SDA_M0/GPIO0_A5_d
1AB3,LP4_DQS1N_A/LP4X_DQS1N_A/LP5_RDQS1N_A
AA28,UART0_RX_M0/JTAG_TMS_M1/GPIO0_D5_u
1AB4,LP4_DQS1P_A/LP4X_DQS1P_A/LP5_RDQS1P_A
AB1,LP4_DQ7_A/LP4X_DQ7_A/LP5_DQ7_A
1AB5,VSS_96
AB28,I2C0_SCL_M1/UART8_TX_M2/I3C0_SCL_M0/GPIO0_C1_d
1AB6,VSS_97
AB29,I2C2_SDA_M0/UART1_RX_M0/CPULIT_AVS/PWM1_CH3_M0/GPIO0_C0_d
1AB20,AVSS_10
AC1,LP4_DQ6_A/LP4X_DQ6_A/LP5_DQ6_A
1AB21,AVSS_11
AC28,SAI0_SDI1_M1/SAI0_SDO3_M1/PDM0_SDI1_M0/SPI0_MISO_M0/GPIO0_D1_d
1AB22,AVSS_12
AD28,REF_CLK1_OUT/I2C1_SCL_M1/UART4_TX_M2/PWM1_CH0_M0/GPIO0_B4_d
1AB23,AVSS_13
AD29,REF_CLK2_OUT/I2C1_SDA_M1/UART4_RX_M2/PWM1_CH1_M0/GPIO0_B5_d
1AB24,AVSS_14
AE1,LP4_DMI1_A/LP4X_DMI1_A/LP5_DMI1_A
1AC1,VSS_98
AE28,MIPI_DPHY_CSI1_RX_D0N
1AC2,VSS_99
AE29,MIPI_DPHY_CSI1_RX_D0P
1AC3,VSS_100
AF1,LP4_DQ8_A/LP4X_DQ8_A/LP5_DQ8_A
1AC4,VSS_101
AF28,MIPI_DPHY_CSI1_RX_D1N
1AC5,VSS_102
AF29,MIPI_DPHY_CSI1_RX_D1P
1AC6,UFS_TX_D0N
AG28,MIPI_DPHY_CSI1_RX_D2N/MIPI_DPHY_CSI2_RX_D0N
1AC20,AVSS_15
AG29,MIPI_DPHY_CSI1_RX_D2P/MIPI_DPHY_CSI2_RX_D0P
1AC21,AVSS_16
AH1,LP4_DQ11_A/LP4X_DQ11_A/LP5_DQ11_A
1AC22,MIPI_DPHY_CSI1_RX_CLKP
AH28,MIPI_DPHY_CSI1_RX_D3N/MIPI_DPHY_CSI2_RX_D1N
1AC23,MIPI_DPHY_CSI1_RX_CLKN
AH29,MIPI_DPHY_CSI1_RX_D3P/MIPI_DPHY_CSI2_RX_D1P
1AC24,AVSS_17
AJ1,SAI4_SCLK_M2/VP2_SYNC_OUT/I2C6_SDA_M3/SPI4_CLK_M0/CAN1_RX_M1/PWM2_CH3_M1/GPIO4_C7_d
1AD1,LP4_DQ10_A/LP4X_DQ10_A/LP5_DQ10_A
AJ28,HDMI_TX_D2P/EDP_TX_D2P
1AD2,UFS_RSTN/GPIO4_D0_d
AJ29,AVSS_0
1AD3,VSS_103
AK1,ISP_FLASH_TRIGOUT_M1/SAI4_SDO_M2/VP0_SYNC_OUT/SATA1_ACTLED_M1/I2C3_SDA_M3/SPI4_MOSI_M0/UART6_RX_M3/PWM2_CH5_M1/GPIO4_C5_d
1AD4,UFS_TX_D1P
AK2,DSM_AUD_LN_M1/HDMI_TX_HPDIN_M0/PCIE1_CLKREQN_M3/I2C7_SDA_M3/EDP_TX_HPDIN_M0/UART11_RX_M2/PWM0_CH1_M1/GPIO4_C1_d
1AD5,UFS_TX_D1N
AK3,DSM_AUD_LP_M1/SAI4_MCLK_M2/HDMI_TX_CEC_M0/I2C7_SCL_M3/SPI4_CSN1_M0/UART11_TX_M2/PWM1_CH5_M1/GPIO4_C0_d
1AD6,UFS_TX_D0P
AK4,UFS_REFCLK/GPIO4_D1_d
1AD20,AVSS_18
AK5,OSC_UFS_XIN
1AD21,MIPI_DPHY_CSI2_RX_CLKP
AK6,AVSS_1
1AD22,MIPI_DPHY_CSI2_RX_CLKN
AK7,UFS_RX_D1P
1AD23,AVSS_19
AK8,UFS_RX_D0P
1AD24,AVSS_20
AK9,USB2_OTG0_DP
1AE1,SAI4_SDI_M2/VP1_SYNC_OUT/PCIE0_CLKREQN_M3/SATA0_ACTLED_M1/I2C6_SCL_M3/SPI4_MISO_M0/CAN1_TX_M1/PWM2_CH2_M1/GPIO4_C6_d
AK10,USB3_OTG0_SSRX1P/DP_TX_D0P
1AE2,DSM_AUD_RN_M1/HDMI_TX_SDA/I2C2_SDA_M3/CAN0_RX_M1/UART9_RX_M2/PWM2_CH1_M1/GPIO4_C3_d
AK11,USB3_OTG0_SSTX1N/DP_TX_D1N
1AE3,VSS_104
AK12,USB3_OTG0_SSRX2P/DP_TX_D2P
1AE4,AVSS_21
AK13,USB3_OTG0_SSTX2N/DP_TX_D3N
1AE6,AVSS_22
AK14,AVSS_2
1AE20,AVSS_23
AK15,MIPI_DPHY_DSI_TX_D0N/MIPI_CPHY_DSI_TX_TRIO0_A
1AE21,AVSS_24
AK16,MIPI_DPHY_DSI_TX_D1N/MIPI_CPHY_DSI_TX_TRIO0_C
1AE23,AVSS_25
AK17,MIPI_DPHY_DSI_TX_CLKN/MIPI_CPHY_DSI_TX_TRIO1_B
1AE24,HDMI_TX_D0P/EDP_TX_D0P
AK18,MIPI_DPHY_DSI_TX_D2N/MIPI_CPHY_DSI_TX_TRIO2_A
2A1,VSS_105
AK19,MIPI_DPHY_DSI_TX_D3N/MIPI_CPHY_DSI_TX_TRIO2_C
2A2,VCCIO2_VCC
AK20,MIPI_DPHY_CSI0_RX_D0P/MIPI_CPHY_CSI_RX_TRIO0_B
2A3,VSS_106
AK21,MIPI_DPHY_CSI0_RX_D1P/MIPI_CPHY_CSI_RX_TRIO1_A
2A4,VCCIO5_VCC_0
AK22,MIPI_DPHY_CSI0_RX_CLKP/MIPI_CPHY_CSI_RX_TRIO1_C
2A5,VCCIO5_VCC_1
AK23,MIPI_DPHY_CSI0_RX_D2P/MIPI_CPHY_CSI_RX_TRIO2_B
2A6,VSS_107
AK24,MIPI_DPHY_CSI0_RX_D3P/NO_USE
2A7,VCCIO4_VCC
AK25,AVSS_3
2A8,VCCIO1_VCC
AK26,HDMI_TX_D3N/EDP_TX_D3N
2A9,VSS_108
AK27,HDMI_TX_D0N/EDP_TX_D0N
2A10,SARADC_AVDD1V8
AK28,HDMI_TX_D1P/EDP_TX_D1P
2A11,VSS_109
AK29,HDMI_TX_D2N/EDP_TX_D2N
2A12,VSS_110
AL1,VSS_6
2B1,VSS_111
AL2,DSM_AUD_RP_M1/HDMI_TX_SCL/I2C2_SCL_M3/CAN0_TX_M1/UART9_TX_M2/PWM2_CH0_M1/GPIO4_C2_d
2B2,DDRPHY_CKE_VDDQ
AL3,ISP_PRELIGHT_TRIG_M1/SAI4_LRCK_M2/DP_HPDIN_M0/I2C3_SCL_M3/SPI4_CSN0_M0/UART6_TX_M3/PWM2_CH6_M1/GPIO4_C4_d
2B3,VSS_112
AL4,AVSS_4
2B4,VSS_113
AL5,OSC_UFS_XOUT
2B5,VSS_114
AL6,UFS_RX_D1N
2B6,VSS_115
AL7,UFS_RX_D0N
2B7,VSS_116
AL8,AVSS_5
2B8,VSS_117
AL9,USB2_OTG0_DM
2B9,VSS_118
AL10,USB3_OTG0_SSRX1N/DP_TX_D0N
2B10,VCCIO3_VCC
AL11,USB3_OTG0_SSTX1P/DP_TX_D1P
2B11,VSS_119
AL12,USB3_OTG0_SSRX2N/DP_TX_D2N
2B12,VSS_120
AL13,USB3_OTG0_SSTX2P/DP_TX_D3P
2C1,VSS_121
AL14,AVSS_6
2C2,DDRPHY_PLL_AVSS
AL15,MIPI_DPHY_DSI_TX_D0P/MIPI_CPHY_DSI_TX_TRIO0_B
2C3,DDRPHY_PLL_DVDD
AL16,MIPI_DPHY_DSI_TX_D1P/MIPI_CPHY_DSI_TX_TRIO1_A
2C4,GPU_DVDD_0
AL17,MIPI_DPHY_DSI_TX_CLKP/MIPI_CPHY_DSI_TX_TRIO1_C
2C5,GPU_DVDD_1
AL18,MIPI_DPHY_DSI_TX_D2P/MIPI_CPHY_DSI_TX_TRIO2_B
2C6,VSS_122
AL19,MIPI_DPHY_DSI_TX_D3P/NO_USE
2C7,NPU_DVDD_0
AL20,MIPI_DPHY_CSI0_RX_D0N/MIPI_CPHY_CSI_RX_TRIO0_A
2C8,NPU_DVDD_1
AL21,MIPI_DPHY_CSI0_RX_D1N/MIPI_CPHY_CSI_RX_TRIO0_C
2C9,NPU_DVDD_2
AL22,MIPI_DPHY_CSI0_RX_CLKN/MIPI_CPHY_CSI_RX_TRIO1_B
2C10,VSS_123
AL23,MIPI_DPHY_CSI0_RX_D2N/MIPI_CPHY_CSI_RX_TRIO2_A
2C11,VSS_124
AL24,MIPI_DPHY_CSI0_RX_D3N/MIPI_CPHY_CSI_RX_TRIO2_C
2C12,VSS_125
AL25,AVSS_7
2D1,DDRPHY_CK_VDDQ
AL26,HDMI_TX_D3P/EDP_TX_D3P
2D2,DDRPHY_PLL_AVDD1V8
AL28,HDMI_TX_D1N/EDP_TX_D1N
2D3,VSS_126
AL29,AVSS_8
2D4,GPU_DVDD_2
1A1,LP4_DQ8_B/LP4X_DQ8_B/LP5_DQ8_B
2D5,GPU_DVDD_3
1A2,VSS_7
2D6,VSS_127
1A3,VSS_8
2D7,NPU_DVDD_3
1A4,SPDIF_TX0_M0/FLEXBUS0_D15_M1/UART2_TX_M1/I2C3_SCL_M0/PCIE0_CLKREQN_M2/CAN1_TX_M2/GPIO4_B5_d
2D8,NPU_DVDD_4
1A5,SAI1_SDO1_M0/SAI1_SDI3_M0/PDM1_CLK1_M1/FLEXBUS1_D13_M1/SPI4_CLK_M2/UART5_TX_M1/UART6_RTSN_M0/UART2_RTSN_M1/GPIO4_B0_d
2D9,VSS_128
1A6,SAI1_SDI0_M0/SAI4_SDO_M0/PDM1_SDI0_M1/SPI4_CSN0_M2/SPI3_CSN1_M2/PWM2_CH7_M0/GPIO4_B3_d
2D10,AVSS1_23
1A7,VO_LCDC_D21/VO_EBC_GDOE/ETH0_MDC_M0/PDM1_SDI2_M2/DSMC_DATA14/FLEXBUS0_D6/UART1_RX_M2/UART10_CTSN_M0/PWM1_CH2_M3/GPIO3_A6_d
2D11,MIPI_DPHY_CSI3/4_RX_AVDD0V75
1A8,VO_LCDC_D8/VO_EBC_SDDO8/ETH0_TXD2_M0/SAI2_LRCK_M2/DSMC_INT3/FLEXBUS0_D10/FLEXBUS0_CSN_M2/UART11_CTSN_M0/SPI4_MOSI_M1/I2C9_SDA_M3/PWM2_CH1_M3/GPIO3_C3_d
2D12,MIPI_DPHY_CSI3/4_RX_AVDD1V8
1A9,VO_LCDC_D14/VO_EBC_SDDO14/ETH0_TXD0_M0/SPDIF_TX1_M0/DSMC_DATA8/FLEXBUS0_D0/UART9_CTSN_M1/PWM1_CH5_M3/GPIO3_B5_d
2E1,DDRPHY_VDDQ_0
1A10,VO_LCDC_D1/VO_EBC_SDDO1/ETH0_RXD3_M0/SAI2_SDI_M2/DSMC_CSN3/FLEXBUS0_D12/FLEXBUS1_D15_M0/FLEXBUS0_CSN_M3/UART2_RTSN_M2/SPI4_CSN1_M1/I3C1_SDA_M2/PWM2_CH4_M3/GPIO3_D2_d
2E2,DDRPHY_DVDD_0
1A11,VO_LCDC_D18/VO_EBC_SDCE2/ETH0_RXD1_M0/PDM1_CLK0_M2/DSMC_DATA12/FLEXBUS0_D4/UART10_TX_M0/SPI4_CSN0_M1/PWM1_CH3_M3/GPIO3_B1_d
2E3,VSS_129
1A12,VO_LCDC_D2/VO_EBC_SDDO2/ETH0_RXCLK_M0/SAI2_MCLK_M2/DSMC_CSN2/FLEXBUS0_D11/FLEXBUS1_CSN_M2/SPI4_CLK_M1/I3C1_SDA_PU_M2/GPIO3_D1_d
2E4,GPU_DVDD_4
1A13,VI_CIF_D1/ETH1_TXD3_M0/SAI2_SDO_M1/PDM1_SDI0_M0/UART11_TX_M1/SPI1_CSN0_M1/PWM1_CH3_M2/GPIO2_C4_d
2E5,VSS_130
1A14,ETH1_TXD0_M0/SAI4_SCLK_M3/UART4_CTSN_M0/I2C5_SCL_M2/PWM1_CH5_M2/GPIO2_C6_d
2E6,VSS_131
1A15,VI_CIF_D4/ETH1_RXD3_M0/ETH0_PPSCLK_M1/SAI2_MCLK_M1/PDM1_CLK1_M0/UART9_TX_M0/SPI1_CSN1_M1/PWM1_CH1_M2/GPIO2_C1_d
2E7,LOGIC_DVDD_0
1A16,ETH1_RXD0_M0/SAI4_SDO_M3/UART4_RX_M0/I2C6_SDA_M2/PWM2_CH1_M2/GPIO2_D1_d
2E8,VSS_132
1A17,VI_CIF_D11/SDMMC1_CMD_M1/ETH0_TXD3_M1/SAI0_SDI2_M0/PDM0_SDI1_M3/UART1_CTSN_M1/SPI4_CSN0_M3/PCIE0_CLKREQN_M0/GPIO2_B2_d
2E9,VSS_133
1A18,VI_CIF_D12/SDMMC1_D3_M1/ETH0_TXD0_M1/SAI0_SDI1_M0/PDM0_SDI2_M3/UART1_RX_M1/GPIO2_B1_d
2E10,AVSS1_24
1A19,VI_CIF_CLKI/ETH1_PTP_REFCLK_M0/ETH0_RXD1_M1/SAI3_SDI_M2/SPDIF_TX1_M1/UART3_RTSN_M0/SPI3_CSN0_M0/CAN1_RX_M3/GPIO3_A3_d
2E11,PCIE1_SATA1_USB3_OTG1_AVDD0V85
1A20,VI_CIF_CLKO/ETH1_PPSCLK_M0/ETH0_RXCTL_M1/SAI3_SDO_M2/SPDIF_RX1_M1/UART3_CTSN_M0/SPI3_MISO_M0/CAN1_TX_M3/MIPI_TE_M1/GPIO3_A2_d
2E12,PCIE1_SATA1_USB3_OTG1_AVDD1V8
1A21,SDMMC0_CMD/FSPI1_CSN0_M0/SAI3_SDO_M3/UART5_RX_M2/I2C5_SDA_M0/SPI0_CSN0_M1/PWM2_CH4_M0/GPIO2_A4_d
2F1,DDRPHY_VDDQ_1
1A22,SARADC_IN1
2F2,DDRPHY_VDDQ_2
1A23,ETH1_RXCLK_M1/SDMMC1_D2_M0/SAI3_SDO_M1/UART3_CTSN_M2/SPI1_MISO_M0/PCIE0_CLKREQN_M1/GPIO1_B6_d
2F3,DDRPHY_DVDD_1
1A24,ETH1_MDC_M1/SAI2_LRCK_M0/I3C0_SCL_M1/PWM1_CH3_M1/GPIO1_D2_d
2F4,VSS_134
1B1,LP4_DMI1_B/LP4X_DMI1_B/LP5_DMI1_B
2F5,VSS_135
1B2,VSS_9
2F6,VSS_136
1B3,LP4_DQ5_B/LP4X_DQ5_B/LP5_DQ5_B
2F7,LOGIC_MEM_DVDD_0
1B5,SAI4_LRCK_M0/PDM1_CLK0_M1/FLEXBUS0_D14_M1/SPI3_MISO_M2/UART6_RX_M0/I2C4_SDA_M1/CAN0_RX_M2/GPIO4_A6_d
2F8,LOGIC_DVDD_1
1B6,SAI1_LRCK_M0/FLEXBUS1_D12_M1/SPI4_CSN1_M2/UART5_CTSN_M1/I2C2_SDA_M2/PCIE1_CLKREQN_M2/GPIO4_A5_d
2F9,LOGIC_DVDD_2
1B7,VO_POST_EMPTY/SPDIF_TX0_M1/CAM_CLK2_OUT_M0/SAI4_SDO_M1/DSMC_INT2/FLEXBUS0_D14_M0/FLEXBUS1_D13_M0/FLEXBUS0_CSN_M1/UART3_RX_M1/I2C7_SDA_M2/GPIO4_A1_d
2F10,TSADC_TEST_OUT_TS
1B9,VO_LCDC_D6/VO_EBC_SDDO6/SAI1_SDO0_M1/DSMC_DATA4/FLEXBUS1_D6/UART8_RX_M0/SPI1_MISO_M2/PWM2_CH2_M3/GPIO3_C5_d
2F11,PCIE0_SATA0_AVDD0V85
1B10,VO_LCDC_D10/VO_EBC_SDDO10/ETH0_PTP_REFCLK_M0/SAI1_SDO2_M1/DSMC_DATA6/FLEXBUS1_D8/UART11_RX_M0/SPI2_MISO_M2/I2C5_SDA_M3/CAN0_RX_M3/GPIO3_C1_d
2F12,PCIE0_SATA0_AVDD1V8
1B12,SPDIF_RX0_M1/CAM_CLK1_OUT_M0/SAI4_LRCK_M1/DSMC_INT0/FLEXBUS0_D13_M0/FLEXBUS1_D14_M0/FLEXBUS1_CSN_M3/UART3_TX_M1/SPI1_CSN1_M2/I2C7_SCL_M2/MIPI_TE_M2/GPIO4_A0_d
2G1,DDRPHY_VDDQ_3
1B13,ISP_PRELIGHT_TRIG_M0/ETH1_MDC_M0/UART6_RTSN_M1/I2C9_SDA_M2/PWM2_CH4_M2/GPIO2_D4_d
2G2,DDRPHY_DVDD_2
1B15,ISP_FLASH_TRIGOUT_M0/ETH1_MDIO_M0/UART6_CTSN_M1/I2C9_SCL_M2/PWM2_CH5_M2/GPIO2_D5_d
2G3,DDRPHY_DVDD_3
1B16,VI_CIF_D10/SDMMC1_CLK_M1/ETH0_TXCLK_M1/SAI0_SDO2_M0/PDM0_CLK1_M3/UART1_RTSN_M1/SPI4_CLK_M3/PCIE1_CLKREQN_M0/GPIO2_B3_d
2G4,VSS_137
1B18,VI_CIF_VSYNC/ETH1_PPSTRIG_M0/ETH0_MDC_M1/SAI3_LRCK_M2/UART3_RX_M0/SPI3_MOSI_M0/I2C7_SDA_M1/GPIO3_A1_d
2G5,CPU_BIG_DVDD_0
1B19,SARADC_IN2
2G6,CPU_BIG_DVDD_1
1B21,SDMMC0_CLK/FSPI1_CLK_M0/SAI3_SCLK_M3/TEST_CLK_OUT/UART5_TX_M2/I2C5_SCL_M0/SPI0_CLK_M1/I3C1_SDA_PU_M1/GPIO2_A5_d
2G7,VSS_138
1B22,ETH1_TXCLK_M1/SDMMC1_CLK_M0/SAI3_MCLK_M1/PDM0_CLK0_M2/UART3_RX_M2/GPIO1_C1_d
2G8,LOGIC_DVDD_3
1B23,ETH1_TXD0_M1/FSPI1_D0_M1/UART4_TX_M1/UART2_RTSN_M0/SPI2_MOSI_M1/PCIE0_BUTTONRSTN/GPIO1_C4_d
2G9,LOGIC_DVDD_4
1B24,EMMC_D7/SAI0_SDO0_M2/SAI3_SDI_M0/SPI0_CLK_M2/GPIO1_A7_u
2G10,VSS_139
1C1,LP4_DQ13_B/LP4X_DQ13_B/LP5_DQ13_B
2G11,PLL_DVDD0V75
1C2,VSS_10
2G12,PLL_AVSS
1C3,LP4_DQ4_B/LP4X_DQ4_B/LP5_DQ4_B
2H1,DDRPHY_VDDQ_4
1C4,VSS_11
2H2,DDRPHY_DVDD_4
1C5,SAI4_SCLK_M0/PDM1_SDI3_M1/FLEXBUS0_D13_M1/SPI3_MOSI_M2/UART6_TX_M0/I2C4_SCL_M1/CAN0_TX_M2/GPIO4_A4_d
2H3,VSS_140
1C6,SAI1_SCLK_M0/FLEXBUS1_CSN_M4/SPI3_CSN0_M2/UART5_RTSN_M1/I2C2_SCL_M2/PWM2_CH4_M1/GPIO4_A3_d
2H4,CPU_LIT_DVDD_0
1C7,VO_LCDC_D4/VO_EBC_SDDO4/SAI1_SCLK_M1/DSMC_DATA2/FLEXBUS1_D4/UART8_RTSN_M0/SPI1_CLK_M2/GPIO3_C7_d
2H5,VSS_141
1C9,VSS_12
2H6,CPU_BIG_DVDD_2
1C10,VO_LCDC_VSYNC/VO_EBC_SDCLK/SAI1_SDI3_M1/DSMC_CLKN/FLEXBUS1_CLK/UART5_CTSN_M0/SPI3_MOSI_M1/PWM2_CH6_M3/GPIO3_D6_d
2H7,CPU_BIG_DVDD_3
1C12,VO_LCDC_D3/VO_EBC_SDDO3/SAI1_MCLK_M1/DSMC_DATA1/FLEXBUS1_D3/UART8_CTSN_M0/SPI1_CSN0_M2/PWM2_CH3_M3/GPIO3_D0_d
2H8,LOGIC_DVDD_5
1C13,VSS_13
2H9,LOGIC_DVDD_6
1C15,VI_CIF_D0/ETH1_TXCLK_M0/SAI2_SDI_M1/PDM1_CLK0_M0/UART11_RX_M1/SPI1_CLK_M1/PWM1_CH4_M2/GPIO2_C5_d
2H10,TVSS
1C16,VSS_14
2H11,OTP_DVDD0V75
1C18,VI_CIF_D8/SDMMC1_DETN_M1/ETH0_RXCLK_M1/SAI0_MCLK_M0/PDM0_CLK0_M3/UART7_RTSN_M0/SPI4_MISO_M3/SATA1_ACTLED_M0/GPIO2_B5_d
2H12,PLL_AVDD1V8
1C19,SARADC_IN3
2J1,VSS_142
1C21,VSS_15
2J2,DDRPHY_VDDQ_5
1C22,ETH1_RXD0_M1/FSPI1_D3_M1/PDM0_SDI1_M2/UART2_RX_M0/I2C8_SDA_M1/SATA_CPDET/GPIO1_C7_d
2J3,CPU_LIT_DVDD_1
1C23,ETH1_PPSTRIG_M1/SDMMC1_DETN_M0/FSPI1_CSN0_M1/UART4_CTSN_M1/I2C6_SDA_M1/SPI2_CSN0_M1/GPIO1_C3_u
2J4,CPU_LIT_DVDD_2
1C24,EMMC_D2/FSPI0_D2/SAI0_SDO1_M2/SAI0_SDI3_M2/PDM0_SDI3_M1/UART7_TX_M1/UART6_RTSN_M2/GPIO1_A2_u
2J5,VSS_143
1D1,VSS_16
2J6,CPU_BIG_DVDD_4
1D2,LP4_DQ0_B/LP4X_DQ0_B/LP5_DQ0_B
2J7,CPU_BIG_DVDD_5
1D3,VSS_17
2J8,VSS_144
1D4,LP5_WCK1P_B
2J9,LOGIC_MEM_DVDD_1
1D5,VSS_18
2J10,OSC_AVDD1V8
1D6,SAI1_MCLK_M0/SAI4_MCLK_M0/AUPLL_CLK_IN_M2/PWM2_CH5_M0/GPIO4_A2_d
2J11,VSS_145
1D7,VO_LCDC_D5/VO_EBC_SDDO5/SAI1_LRCK_M1/DSMC_DATA3/FLEXBUS1_D5/UART8_TX_M0/SPI1_MOSI_M2/GPIO3_C6_d
2J12,VSS_146
1D9,VO_LCDC_D7/VO_EBC_SDDO7/SAI1_SDO1_M1/DSMC_DATA5/FLEXBUS1_D7/UART11_TX_M0/SPI2_CSN0_M2/I2C5_SCL_M3/CAN0_TX_M3/GPIO3_C4_d
2K1,VSS_147
1D10,VO_LCDC_HSYNC/VO_EBC_GDCLK/SAI1_SDI2_M1/DSMC_CLKP/FLEXBUS1_D0/UART5_TX_M0/SPI3_MISO_M1/I2C3_SDA_M2/GPIO3_D5_d
2K2,VSS_148
1D12,VO_LCDC_D12/VO_EBC_SDDO12/ETH0_PPSTRIG_M0/SAI1_SDI0_M1/DSMC_DQS0/FLEXBUS1_D10/FLEXBUS1_CSN_M0/UART2_RX_M2/UART3_CTSN_M1/I2C4_SDA_M3/GPIO3_B7_d
2K3,CPU_LIT_DVDD_3
1D13,VO_LCDC_D23/VO_EBC_SDSHR/ETH_CLK0_25M_OUT_M0/SAI4_SDI_M1/DSMC_RDYN/FLEXBUS1_D11/FLEXBUS0_CSN_M0/UART1_CTSN_M2/SPI2_CLK_M2/PWM1_CH0_M3/GPIO3_A4_d
2K4,CPU_LIT_DVDD_4
1D15,VI_CIF_D3/ETH1_RXCLK_M0/ETH0_PPSTRIG_M1/SAI2_SCLK_M1/PDM1_SDI2_M0/UART11_CTSN_M1/SPI1_MOSI_M1/PWM1_CH2_M2/GPIO2_C2_d
2K5,VSS_149
1D16,VI_CIF_HREF/ETH0_MDIO_M1/SAI3_SCLK_M2/UART3_TX_M0/SPI3_CLK_M0/I2C7_SCL_M1/GPIO3_A0_d
2K6,CPU_BIG_DVDD_6
1D18,CAM_CLK1_OUT_M1/ETH_CLK1_25M_OUT_M0/ETH0_MCLK_M1/SAI3_MCLK_M2/SPDIF_RX0_M2/UART9_RTSN_M0/I3C1_SDA_PU_M0/PWM2_CH6_M2/GPIO2_D6_d
2K7,CPU_BIG_DVDD_7
1D19,SARADC_IN5
2K8,VSS_150
1D21,SARADC_IN6
2K9,VSS_151
1D22,ETH1_RXCTL_M1/SAI2_SCLK_M0/UART10_RX_M1/I3C0_SDA_PU_M1/GPIO1_D1_d
2K10,VSS_152
1D23,EMMC_RSTN/FSPI0_CSN0/UART6_RX_M2/I2C7_SDA_M0/MIPI_TE_M3/PWM2_CH1_M0/GPIO1_B3_u
2K11,PMUIO0_VCC1V8
1D24,EMMC_D4/SAI0_MCLK_M2/SAI3_MCLK_M0/SPI0_CSN0_M2/GPIO1_A4_u
2K12,VSS_153
1E1,LP4_DQ12_B/LP4X_DQ12_B/LP5_DQ12_B
2L1,VSS_154
1E2,VSS_19
2L2,PMU_LOGIC_DVDD0V75_0
1E3,VSS_20
2L3,VSS_155
1E4,LP5_WCK1N_B
2L4,VSS_156
1E5,VSS_21
2L5,VSS_157
1E6,VSS_22
2L6,VSS_158
1E7,VO_LCDC_CLK/VO_EBC_SDOE/CAM_CLK0_OUT_M0/SAI4_SCLK_M1/DSMC_RESETN/FLEXBUS0_D15_M0/FLEXBUS1_D12_M0/FLEXBUS1_CSN_M1/UART5_RTSN_M0/SPI3_CSN1_M1/PWM2_CH7_M3/GPIO3_D7_d
2L7,VSS_159
1E9,VO_LCDC_D11/VO_EBC_SDDO11/ETH0_PPSCLK_M0/SAI1_SDO3_M1/DSMC_DATA7/FLEXBUS1_D9/UART2_TX_M2/UART3_RTSN_M1/I2C4_SCL_M3/GPIO3_C0_d
2L8,VSS_160
1E10,VSS_23
2L9,VSS_161
1E12,VO_LCDC_DEN/VO_EBC_SDLE/SAI1_SDI1_M1/DSMC_DATA0/FLEXBUS1_D1/UART5_RX_M0/SPI3_CLK_M1/I2C3_SCL_M2/GPIO3_D4_d
2L10,PMU_LOGIC_DVDD0V75_1
1E13,VSS_24
2L11,MIPI_DPHY_CSI1/2_RX_AVDD0V75
1E15,CAM_CLK2_OUT_M1/ETH1_MCLK_M0/ETH_CLK0_25M_OUT_M1/SAI0_SDO3_M0/SPDIF_TX0_M2/UART9_CTSN_M0/SPI3_CSN1_M0/PWM2_CH7_M2/GPIO2_D7_d
2L12,VSS_162
1E16,VSS_25
2M1,AVSS_26
1E18,SARADC_IN4
2M2,OSC_UFS_AVDD
1E19,SARADC_IN7
2M3,VCCIO7_VCC
1E21,ETH1_MCLK_M1/SAI2_MCLK_M0/PDM0_SDI3_M2/SPDIF_RX1_M2/UART10_RTSN_M1/I2C5_SCL_M1/GPIO1_D4_d
2M4,AVSS_27
1E22,ETH_CLK1_25M_OUT_M1/FSPI1_CLK_M1/PDM0_CLK1_M2/SPDIF_TX1_M2/UART10_CTSN_M1/I2C5_SDA_M1/SPI2_CLK_M1/SATA_MPSWIT/CLK1_32K_OUT/GPIO1_D5_d
2M5,USB3_OTG0_DP_TX_AVDD0V85
1E23,VSS_26
2M6,AVSS_28
1E24,VSS_27
2M7,MIPI_DCPHY_AVDD
1F1,LP4_DQS0N_B/LP4X_DQS0N_B/LP5_RDQS0N_B
2M8,MIPI_DCPHY_AVDD1V2
1F2,LP4_DQ1_B/LP4X_DQ1_B/LP5_DQ1_B
2M9,AVSS_29
1F3,VSS_28
2M10,AVSS_30
1F4,LP4_A4_B/LP4X_A4_B/LP5_A4_B
2M11,AVSS_31
1F5,VSS_29
2M12,AVSS_32
1F6,VSS_30
2N1,AVSS_33
1F20,VSS_31
2N2,UFS_AVDD0V85
1F21,VSS_32
2N3,VCCIO6_VCC
1F22,EMMC_CMD/FSPI0_RSTN/FSPI0_CSN1/UART6_TX_M2/I2C7_SCL_M0/GPIO1_B0_u
2N4,USB3_OTG0_DP_TX_AVDD1V8
1F23,EMMC_STRB/SAI0_SDI0_M2/SAI3_SDO_M0/PDM0_SDI0_M1/SPI0_CSN1_M2/GPIO1_B2_d
2N5,USB3_OTG0_DP_TX_DVDD0V85
1F24,VSS_33
2N6,AVSS_34
1G1,LP4_DQ2_B/LP4X_DQ2_B/LP5_DQ2_B
2N7,MIPI_DCPHY_VREG
1G2,LP4_A3_B/LP4X_A3_B/LP5_A3_B
2N8,AVSS_35
1G3,VSS_34
2N9,AVSS_36
1G4,LP5_WCK0N_B
2N10,HDMI_TX_EDP_TX_AVDDIO1V8
1G5,LP5_WCK0P_B
2N11,HDMI_TX_EDP_TX_AVDDD0V75
1G6,VSS_35
2N12,AVSS_37
1G20,VSS_36
2P1,AVSS_38
1G21,VSS_37
2P2,UFS_AVDD1V8
1G22,VSS_38
2P3,USB2_OTG0_VBUSDET
1G23,EMMC_CLK/FSPI0_CLK/SAI0_SDO3_M2/SAI0_SDI1_M2/PDM0_CLK0_M1/PWM2_CH7_M1/GPIO1_B1_d
2P4,USB2_OTG_AVDD1V8
1G24,VSS_39
2P5,USB2_OTG_DVDD0V75
1H1,VSS_40
2P6,AVSS_39
1H2,VSS_41
2P7,USB2_OTG_AVDD3V3
1H3,VSS_42
2P8,MIPI_DCPHY_AVDD1V8
1H4,VSS_43
2P9,AVSS_40
1H5,LP5_A6_B
2P10,HDMI_TX_EDP_TX_AVDDCMN1V8
1H6,VSS_44
2P11,HDMI_TX_EDP_TX_AVDDC0V75
1H20,VSS_45
2P12,AVSS_41
1H21,AVSS1_3
2R1,AVSS_42
1H22,MIPI_DPHY_CSI3_RX_CLKP
2R2,UFS_TX_REXT
1H23,MIPI_DPHY_CSI3_RX_CLKN
2R3,USB2_OTG0_REXT
1H24,AVSS1_4
2R4,AVSS_43
1J1,LP4_A1_B/LP4X_A1_B/LP5_A1_B
2R5,AVSS_44
1J2,VSS_46
2R6,USB2_OTG0_ID
1J3,LP4_A2_B/LP4X_A2_B/LP5_A2_B
2R7,AVSS_45
1J4,VSS_47
2R8,AVSS_46
1J5,LP4_CSN0_B/LP4X_CSN0_B
2R9,AVSS_47
1J6,ZQ_B
2R10,AVSS_48
1J20,VCCIO0_VCC1V8
2R11,AVSS_49
1J21,AVSS1_5
2R12,AVSS_50
1J22,AVSS1_6
2T1,AVSS_51
1J23,AVSS1_7
2T2,DP_TX_AUXP
1J24,AVSS1_8
2T3,DP_TX_AUXN
1K1,LP4_CLKP_B/LP4X_CLKP_B/LP5_CLKP_B
2T4,USB2_OTG1_DP
1K2,LP4_CKE0_B/LP4X_CKE0_B/LP5_CSN0_B
2T5,USB2_OTG1_DM
1K3,VSS_48
2T6,AVSS_52
1K4,LP4_CSN1_B/LP4X_CSN1_B
2T7,USB3_OTG0_REXT/DP_TX_REXT
1K5,LP4_A5_B/LP4X_A5_B/LP5_A5_B
2T8,AVSS_53
1K6,VSS_49
2T9,USB2_OTG1_ID
1K20,AVSS1_9
2T10,USB2_OTG1_VBUSDET
1K21,AVSS1_10
2T11,AVSS_54
1K22,MIPI_DPHY_CSI4_RX_CLKP
2T12,HDMI_TX_SBDP/EDP_TX_AUXP
1K23,MIPI_DPHY_CSI4_RX_CLKN
2U1,AVSS_55
1K24,AVSS1_11
2U2,AVSS_56
1L1,LP4_CLKP_A/LP4X_CLKP_A/LP5_CLKP_A
2U3,AVSS_57
1L2,VSS_50
2U4,AVSS_58
1L3,VSS_51
2U5,AVSS_59
1L4,VSS_52
2U6,AVSS_60
1L5,VSS_53
2U7,AVSS_61
1L6,VSS_54
2U8,USB2_OTG1_REXT
1L20,AVSS1_12
2U9,AVSS_62
1L21,AVSS1_13
2U10,AVSS_63
1L22,AVSS1_14
2U11,AVSS_64
1L23,PCIE1_REFCLKP
2U12,HDMI_TX_SBDN/EDP_TX_AUXN
1L24,AVSS1_15
2V1,AVSS_65
1M1,VSS_55
2V2,AVSS_66
1M2,VSS_56
2V3,AVSS_67
1M3,LP4_CKE1_B/LP4X_CKE1_B/LP5_CSN1_B
2V4,AVSS_68
1M4,VSS_57
2V5,AVSS_69
1M5,LP4_A4_A/LP4X_A4_A/LP5_A4_A
2V6,AVSS_70
1M6,VSS_58
2V7,AVSS_71
1M20,AVSS1_16
2V8,AVSS_72
1M21,AVSS1_17
2V9,AVSS_73
1M22,AVSS1_18
2V10,AVSS_74
1M23,PCIE1_REFCLKN
2V11,AVSS_75
1M24,AVSS1_19
2V12,AVSS_76
