Qty,References,Value,Footprint,MPN,Manufacturer,LCSC,Unit USD,Ext USD,Populate,Notes
5,C101 C102 C205 C206 C1003,47uF,C_0805_2012Metric,0805 47uF 10V X5R,Samsung/Murata,,0.0300,0.150,,
31,C103 C104 C201 C207 C211 C215 C219 C222 C225 C228 C231 C234 C302 C306 C310 C314 C317 C403 C404 C418 C427 C436 C445 C446 C459 C467 C601 C602 C615 C621 C708,10uF,C_0603_1608Metric,0603 10uF 10V X5R,Samsung/Murata,,0.0040,0.124,,decoupling / various
3,C105 C910 C1004,100nF,C_0402_1005Metric,0402 100nF 10V X5R,Samsung/Murata,,0.0015,0.005,,
40,C202 C203 C204 C208 C209 C210 C212 C213 C214 C216 C217 C218 C220 C221 C223 C224 C226 C227 C229 C230 C232 C233 C235 C236 C303 C304 C307 C308 C311 C312 C315 C316 C401 C402 C417 C426 C435 C444 C803 C804,22uF,C_0603_1608Metric,0603 22uF 10V X5R,Samsung/Murata,,0.0120,0.480,,
12,C237 C238 C239 C240 C241 C242 C243 C244 C245 C246 C702 C705,2.2uF,C_0402_1005Metric,0402 2.2uF 6.3V X5R,Samsung/Murata,,0.0015,0.018,,decoupling / various
3,C247 C248 C249,4.7uF,C_0402_1005Metric,0402 4.7uF 6.3V X5R,Samsung/Murata,,0.0015,0.005,,decoupling / various
5,C250 C632 C4102 C4115 C4124,4.7uF,C_0402_1005Metric,0402 4.7uF 10V X5R,Samsung/Murata,,0.0015,0.007,,decoupling / various
35,C251 C318 C405 C406 C407 C408 C419 C420 C428 C429 C437 C438 C447 C448 C449 C460 C461 C468 C469 C478 C481 C486 C489 C492 C504 C603 C604 C616 C622 C623 C701 C4100 C4113 C4122 C4128,1uF,C_0402_1005Metric,0402 1uF 6.3V X5R,Samsung/Murata,,0.0015,0.052,,decoupling / various
2,C252 C909,1uF,C_0402_1005Metric,0402 1uF 10V X5R,Samsung/Murata,,0.0015,0.003,,decoupling / various
122,C301 C305 C309 C313 C409 C410 C411 C412 C413 C414 C415 C416 C421 C422 C423 C424 C425 C430 C431 C432 C433 C434 C439 C440 C441 C442 C443 C450 C451 C452 C453 C454 C455 C456 C457 C458 C462 C463 C464 C465 C466 C470 C471 C472 C473 C474 C475 C476 C477 C479 C480 C482 C483 C484 C485 C487 C488 C490 C491 C493 C494 C495 C496 C497 C498 C499 C503 C505 C605 C606 C607 C608 C609 C610 C611 C612 C613 C614 C617 C618 C619 C620 C624 C625 C626 C627 C628 C629 C630 C631 C633 C634 C703 C704 C706 C707 C709 C805 C806 C4101 C4103 C4104 C4105 C4106 C4107 C4108 C4109 C4110 C4111 C4112 C4114 C4116 C4117 C4118 C4119 C4120 C4121 C4123 C4125 C4126 C4127 C4129,100nF,C_0402_1005Metric,0402 100nF 6.3V X5R,Samsung/Murata,,0.0015,0.183,,decoupling / various
2,C501 C502,15pF,C_0402_1005Metric,0402 15pF 50V C0G,Samsung/Murata,,0.0015,0.003,,
10,C801 C802 C901 C902 C903 C904 C905 C906 C907 C908,220nF,C_0201_0603Metric,0201 220nF 6.3V X5R,Samsung/Murata,,0.0010,0.010,,decoupling / various
2,C1001 C1002,100nF,C_0201_0603Metric,0201 100nF 6.3V X5R,Samsung/Murata,,0.0010,0.002,,SS TX AC cap
1,D101,SMF5.0A,D_SOD-123F,SMF5.0A,Littelfuse/MDD,C123799,0.0300,0.030,,5V TVS on VBUS
1,D901,B5819W,D_SOD-123,B5819W,CJ,C8598,0.0100,0.010,,
1,F101,6A,Fuse_1206_3216Metric,1206L600/8SLY (6A fast),Littelfuse/BHFUSE,,0.0600,0.060,,Input fuse
1,F901,0.5A PTC,Fuse_1206_3216Metric,1206L050/15YR,Littelfuse/BHFUSE,,0.0300,0.030,,
1,FB301,120R@100MHz,L_0603_1608Metric,BLM18PG121SN1D,Murata,,0.0200,0.020,,
1,H801,M2 standoff 2242,SMD_Standoff_M2_D4.0mm,9774020243R (M2 SMD standoff),Wurth,,0.1500,0.150,,M.2 2242 card retention
1,H802,M2 standoff 2230,SMD_Standoff_M2_D4.0mm,9774020243R (M2 SMD standoff),Wurth,,0.1500,0.150,,M.2 2230 card retention
1,J101,USB-C PWR/OTG,USB_C_Receptacle_HRO_TYPE-C-31-M-12,TYPE-C-31-M-12,Korean Hroparts,C165948,0.1000,0.100,,"USB-C 16P receptacle, power in + USB2 OTG0"
1,J501,DEBUG UART,PinHeader_1x03_P2.54mm_Vertical,2.54mm 1x3 pin header,generic,,0.0200,0.020,,1:GND 2:TX(out) 3:RX(in)
1,J701,microSD,microSD_HC_Hirose_DM3AT-SF-PEJM5,DM3AT-SF-PEJM5,Hirose,,0.6000,0.600,,microSD push-push with detect
1,J801,M.2 M-KEY,M.2_Socket3_M-Key_H4.2mm,"APCI0026-P001A (M.2 M key, H4.2)",LOTES,,0.4000,0.400,,"M.2 2230/2242 NVMe, PCIe2.1 x1 (lane 0 only)"
1,J901,HDMI,HDMI_A_Molex_208658-1001_Horizontal,208658-1001,Molex,,0.4500,0.450,,"HDMI type A, 4K@60 (TMDS) / 4K@120 (FRL)"
1,J1001,USB3.0 A,USB3_A_Molex_48393-001,48393-0001,Molex,,0.4500,0.450,,USB 3.0 type-A host (5Gbps)
1,L201,0.24uH,L_Coilcraft_XAL4030-XXX,MDA4030-R24M (0.24uH 8A),Sunlord/Changjiang,,0.1200,0.120,,BUCK1 VDD_CPU_BIG_S0 0.85V
3,L202 L203 L204,0.47uH,L_Coilcraft_XAL4030-XXX,MDA4030-R47M (0.47uH 5.5A),Sunlord/Changjiang,,0.1000,0.300,,decoupling / various
6,L205 L206 L207 L208 L209 L210,1uH,L_Changjiang_FNR4030S,FNR4030S1R0NT (1uH 3.4A),Sunlord/Changjiang,,0.0500,0.300,,decoupling / various
3,L301 L302 L303,2.2uH,L_Changjiang_FNR4030S,FNR4030S2R2MT,Changjiang,,0.0500,0.150,,
1,L304,1.5uH,L_Changjiang_FNR4030S,FNR4030S1R5MT,Changjiang,,0.0500,0.050,,
1,LED101,PWR,LED_0603_1608Metric,19-217/GHC-YR1S2/3T,Everlight,C72043,0.0100,0.010,,Green power LED
1,LED501,SYS,LED_0603_1608Metric,19-217/BHC-ZL1M2RY/3T,Everlight,C72041,0.0100,0.010,,Blue status LED
1,LED801,SSD,LED_0603_1608Metric,19-217/GHC-YR1S2/3T,Everlight,C72043,0.0100,0.010,,SSD activity
7,Q901 Q902 Q903 Q904 Q905 Q906 Q907,BSS138,SOT-23,BSS138,onsemi/CJ,C52895,0.0100,0.070,,decoupling / various
2,R101 R102,5.1k,R_0402_1005Metric,0402 5.1k 1%,Yageo/UniOhm,,0.0005,0.001,,Rd: advertise sink
3,R103 R211 R212,2.2k,R_0402_1005Metric,0402 2.2k 1%,Yageo/UniOhm,,0.0005,0.002,,
5,R201 R203 R205 R207 R209,0R,R_0402_1005Metric,0402 0R 1%,Yageo/UniOhm,,0.0005,0.003,,decoupling / various
20,R213 R214 R302 R304 R306 R308 R502 R602 R701 R710 R711 R712 R713 R714 R715 R801 R802 R803 R915 R1003,10k,R_0402_1005Metric,0402 10k 1%,Yageo/UniOhm,,0.0005,0.010,,decoupling / various
1,R301,16k,R_0402_1005Metric,0402 16k 1%,Yageo/UniOhm,,0.0005,0.001,,
1,R303,4.3k,R_0402_1005Metric,0402 4.3k 1%,Yageo/UniOhm,,0.0005,0.001,,
1,R305,1.74k,R_0402_1005Metric,0402 1.74k 1%,Yageo/UniOhm,,0.0005,0.001,,
1,R307,33k,R_0402_1005Metric,0402 33k 1%,Yageo/UniOhm,,0.0005,0.001,,
1,R503,100R,R_0402_1005Metric,0402 100R 1%,Yageo/UniOhm,,0.0005,0.001,,
2,R504 R804,1k,R_0402_1005Metric,0402 1k 1%,Yageo/UniOhm,,0.0005,0.001,,
3,R505 R506 R601,240R,R_0402_1005Metric,0402 240R 1%,Yageo/UniOhm,,0.0005,0.002,,decoupling / various
8,R702 R703 R704 R705 R706 R707 R708 R709,10k,R_0201_0603Metric,0201 10k 1%,Yageo/UniOhm,,0.0006,0.005,,
4,R716 R917 R1002 R1004,100k,R_0402_1005Metric,0402 100k 1%,Yageo/UniOhm,,0.0005,0.002,,decoupling / various
8,R901 R902 R903 R904 R905 R906 R907 R908,590R,R_0402_1005Metric,0402 590R 1%,Yageo/UniOhm,,0.0005,0.004,,
3,R909 R911 R913,4.7k,R_0402_1005Metric,0402 4.7k 1%,Yageo/UniOhm,,0.0005,0.002,,
2,R910 R912,1.8k,R_0402_1005Metric,0402 1.8k 1%,Yageo/UniOhm,,0.0005,0.001,,
1,R914,27k,R_0402_1005Metric,0402 27k 1%,Yageo/UniOhm,,0.0005,0.001,,
1,R916,20k,R_0402_1005Metric,0402 20k 1%,Yageo/UniOhm,,0.0005,0.001,,
1,R1001,56k,R_0402_1005Metric,0402 56k 1%,Yageo/UniOhm,,0.0005,0.001,,VBUS detect divider (5V -> 3.2V)
1,SW501,MASKROM,SW_SPST_PTS810,PTS810 SJM 250 SMTR LFS (alt XKB TS-1088),C&K,,0.0600,0.060,,MASKROM key
1,SW502,POWER,SW_SPST_PTS810,PTS810 SJM 250 SMTR LFS (alt XKB TS-1088),C&K,,0.0600,0.060,,POWER key
1,SW503,RESET,SW_SPST_PTS810,PTS810 SJM 250 SMTR LFS (alt XKB TS-1088),C&K,,0.0600,0.060,,RESET key
1,U201,RK806S-5,QFN-68-1EP_8x8mm_P0.4mm_EP5.2x5.2mm_ThermalVias,RK806S-5,Rockchip,,2.2000,2.200,,"PMIC, OTP preset for RK3576"
3,U301 U302 U303,TPS562201,SOT-23-6,TPS562201DDCR,Texas Instruments,,0.1800,0.540,,decoupling / various
1,U304,TPS563201,SOT-23-6,TPS563201DDCR,Texas Instruments,,0.2500,0.250,,VCC3V3_PCIE 3.3V buck
2,U305 U702,AP2171W,SOT-23-5,AP2171WG-7,Diodes Inc,C155555,0.1200,0.240,,decoupling / various
1,U401,RK3576,RK3576_FCCSP-698_16.1x17.2mm_PLACEHOLDER,RK3576,Rockchip,,22.0000,22.000,,"Octa-core 4xA72@2.2GHz + 4xA53, Mali-G52, 6 TOPS NPU"
1,U601,LPDDR5 4GB,LPDDR5_FBGA-315_12.4x15.0mm_P0.8x0.7mm,MT62F1G32D2DS-026 WT:B (4GB) | alt MT62F2G32D4DS-026 WT:B (8GB),Micron,,14.5000,14.500,,"LPDDR5-6400 x32, 4GB; 8GB is a drop-in BOM option"
1,U701,eMMC 32GB,eMMC_FBGA-153_11.5x13.0mm_P0.5mm,FEMDNN032G-A3A55 (32GB) | alt KLMBG2JETD-B041 (32GB),FORESEE/Samsung,,5.8000,5.800,,"eMMC 5.1 HS400, VCCQ=1.8V"
3,U901 U902 U1002,TPD4E05U06,USON-10_2.5x1.0mm_P0.5mm,TPD4E05U06DQAR,Texas Instruments,,0.1800,0.540,,decoupling / various
2,U1001 U1003,USBLC6-2SC6,SOT-23-6,USBLC6-2SC6,ST,C7519,0.0600,0.120,,decoupling / various
1,U1004,AP2171W,SOT-23-5,AP2171WG-7 (1.5A limit),Diodes Inc,C155555,0.1200,0.120,,"USB-A VBUS switch, 900mA USB3 budget"
1,Y501,24MHz,Crystal_SMD_3225-4Pin_3.2x2.5mm,X322524MOB4SI (24MHz 20pF 10ppm),Yangxing,C9002,0.0800,0.080,,
9,R202 R204 R206 R208 R210 R507 R508 R509 R510,DNP,R_0402_1005Metric,0402 DNP 1%,Yageo/UniOhm,,0.0005,0.000,DNP,decoupling / various
1,R501,1M,R_0402_1005Metric,0402 1M 1%,Yageo/UniOhm,,0.0005,0.000,DNP,crystal bias (DNP if not in Rockchip HDG)
