Comment,Designator,Footprint,LCSC Part #
47uF 0805 47uF 10V X5R,"C101,C102,C205,C206,C1003,C1411",C_0805_2012Metric,
10uF 0603 10uF 10V X5R,"C103,C104,C201,C207,C211,C215,C219,C222,C225,C228,C231,C234,C302,C306,C310,C314,C317,C403,C404,C418,C427,C436,C445,C446,C459,C467,C601,C602,C615,C621,C708,C1301,C1403",C_0603_1608Metric,
100nF 0402 100nF 10V X5R,"C105,C910,C1004,C1402,C1412",C_0402_1005Metric,
22uF 0603 22uF 10V X5R,"C202,C203,C204,C208,C209,C210,C212,C213,C214,C216,C217,C218,C220,C221,C223,C224,C226,C227,C229,C230,C232,C233,C235,C236,C303,C304,C307,C308,C311,C312,C315,C316,C401,C402,C417,C426,C435,C444,C803,C804,C1413",C_0603_1608Metric,
2.2uF 0402 2.2uF 6.3V X5R,"C237,C238,C239,C240,C241,C242,C243,C244,C245,C246,C702,C705",C_0402_1005Metric,
4.7uF 0402 4.7uF 6.3V X5R,"C247,C248,C249",C_0402_1005Metric,
4.7uF 0402 4.7uF 10V X5R,"C250,C632,C1305,C1306,C1401,C4102,C4115,C4124",C_0402_1005Metric,
1uF 0402 1uF 6.3V X5R,"C251,C318,C405,C406,C407,C408,C419,C420,C428,C429,C437,C438,C447,C448,C449,C460,C461,C468,C469,C478,C481,C486,C489,C492,C504,C603,C604,C616,C622,C623,C701,C1311,C1314,C1406,C1408,C1414,C4100,C4113,C4122,C4128",C_0402_1005Metric,
1uF 0402 1uF 10V X5R,"C252,C909",C_0402_1005Metric,
100nF 0402 100nF 6.3V X5R,"C301,C305,C309,C313,C409,C410,C411,C412,C413,C414,C415,C416,C421,C422,C423,C424,C425,C430,C431,C432,C433,C434,C439,C440,C441,C442,C443,C450,C451,C452,C453,C454,C455,C456,C457,C458,C462,C463,C464,C465,C466,C470,C471,C472,C473,C474,C475,C476,C477,C479,C480,C482,C483,C484,C485,C487,C488,C490,C491,C493,C494,C495,C496,C497,C498,C499,C503,C505,C605,C606,C607,C608,C609,C610,C611,C612,C613,C614,C617,C618,C619,C620,C624,C625,C626,C627,C628,C629,C630,C631,C633,C634,C703,C704,C706,C707,C709,C805,C806,C1302,C1303,C1304,C1307,C1308,C1309,C1310,C1315,C1316,C1404,C1405,C1407,C1415,C4101,C4103,C4104,C4105,C4106,C4107,C4108,C4109,C4110,C4111,C4112,C4114,C4116,C4117,C4118,C4119,C4120,C4121,C4123,C4125,C4126,C4127,C4129",C_0402_1005Metric,
15pF 0402 15pF 50V C0G,"C501,C502,C1312,C1313",C_0402_1005Metric,
220nF 0201 220nF 6.3V X5R,"C801,C802,C901,C902,C903,C904,C905,C906,C907,C908",C_0201_0603Metric,
100nF 0201 100nF 6.3V X5R,"C1001,C1002",C_0201_0603Metric,
22pF 0402 22pF 50V C0G,"C1409,C1410",C_0402_1005Metric,
SMF5.0A SMF5.0A,D101,D_SOD-123F,C123799
B5819W B5819W,D901,D_SOD-123,C8598
6A 1206L600/8SLY (6A fast),F101,Fuse_1206_3216Metric,
0.5A PTC 1206L050/15YR,F901,Fuse_1206_3216Metric,
120R@100MHz BLM18PG121SN1D,"FB301,FB1301,FB1401,FB1402",L_0603_1608Metric,
M2 standoff 2242 9774020243R (M2 SMD standoff),H801,SMD_Standoff_M2_D4.0mm,
M2 standoff 2230 9774020243R (M2 SMD standoff),H802,SMD_Standoff_M2_D4.0mm,
USB-C PWR/OTG TYPE-C-31-M-12,J101,USB_C_Receptacle_HRO_TYPE-C-31-M-12,C165948
DEBUG UART 2.54mm 1x3 pin header,J501,PinHeader_1x03_P2.54mm_Vertical,
microSD DM3AT-SF-PEJM5,J701,microSD_HC_Hirose_DM3AT-SF-PEJM5,
"M.2 M-KEY APCI0026-P001A (M.2 M key, H4.2)",J801,M.2_Socket3_M-Key_H4.2mm,
HDMI 208658-1001,J901,HDMI_A_Molex_208658-1001_Horizontal,
USB3.0 A 48393-0001,J1001,USB3_A_Molex_48393-001,
RJ45 GbE HR911130C,J1301,RJ45_Hanrun_HR911130C_MagJack,C50933
USB2.0 A x2 UJ2-ADH-TH,J1401,USB_A_CUI_UJ2-ADH-TH_Horizontal_Stacked,
u.FL U.FL-R-SMT-1(10),J1402,U.FL_Hirose_U.FL-R-SMT-1_Vertical,
0.24uH MDA4030-R24M (0.24uH 8A),L201,L_Coilcraft_XAL4030-XXX,
0.47uH MDA4030-R47M (0.47uH 5.5A),"L202,L203,L204",L_Coilcraft_XAL4030-XXX,
1uH FNR4030S1R0NT (1uH 3.4A),"L205,L206,L207,L208,L209,L210",L_Changjiang_FNR4030S,
2.2uH FNR4030S2R2MT,"L301,L302,L303",L_Changjiang_FNR4030S,
1.5uH FNR4030S1R5MT,L304,L_Changjiang_FNR4030S,
2.2uH MWSA2520S-2R2MT (2.2uH 1.5A),L1301,L_1008_2520Metric,
PWR 19-217/GHC-YR1S2/3T,LED101,LED_0603_1608Metric,C72043
SYS 19-217/BHC-ZL1M2RY/3T,LED501,LED_0603_1608Metric,C72041
SSD 19-217/GHC-YR1S2/3T,LED801,LED_0603_1608Metric,C72043
BSS138 BSS138,"Q901,Q902,Q903,Q904,Q905,Q906,Q907,Q1301,Q1401",SOT-23,C52895
5.1k 0402 5.1k 1%,"R101,R102",R_0402_1005Metric,
2.2k 0402 2.2k 1%,"R103,R211,R212",R_0402_1005Metric,
0R 0402 0R 1%,"R201,R203,R205,R207,R209,R1408",R_0402_1005Metric,
10k 0402 10k 1%,"R213,R214,R302,R304,R306,R308,R502,R602,R701,R710,R711,R712,R713,R714,R715,R801,R802,R803,R915,R1003,R1305,R1402,R1403,R1404,R1405,R1406",R_0402_1005Metric,
16k 0402 16k 1%,R301,R_0402_1005Metric,
4.3k 0402 4.3k 1%,R303,R_0402_1005Metric,
1.74k 0402 1.74k 1%,R305,R_0402_1005Metric,
33k 0402 33k 1%,R307,R_0402_1005Metric,
100R 0402 100R 1%,R503,R_0402_1005Metric,
1k 0402 1k 1%,"R504,R804",R_0402_1005Metric,
240R 0402 240R 1%,"R505,R506,R601",R_0402_1005Metric,
10k 0201 10k 1%,"R702,R703,R704,R705,R706,R707,R708,R709",R_0201_0603Metric,
100k 0402 100k 1%,"R716,R917,R1002,R1004,R1306,R1407",R_0402_1005Metric,
590R 0402 590R 1%,"R901,R902,R903,R904,R905,R906,R907,R908",R_0402_1005Metric,
4.7k 0402 4.7k 1%,"R909,R911,R913,R1307,R1308,R1309,R1310",R_0402_1005Metric,
1.8k 0402 1.8k 1%,"R910,R912",R_0402_1005Metric,
27k 0402 27k 1%,R914,R_0402_1005Metric,
20k 0402 20k 1%,R916,R_0402_1005Metric,
56k 0402 56k 1%,R1001,R_0402_1005Metric,
22R 0402 22R 1%,"R1301,R1302",R_0402_1005Metric,
2.49k 0402 2.49k 1%,R1303,R_0402_1005Metric,
1.5k 0402 1.5k 1%,R1304,R_0402_1005Metric,
510R 0402 510R 1%,"R1311,R1312",R_0402_1005Metric,
2.7k 0402 2.7k 1%,R1401,R_0402_1005Metric,
MASKROM PTS810 SJM 250 SMTR LFS (alt XKB TS-1088),SW501,SW_SPST_PTS810,
POWER PTS810 SJM 250 SMTR LFS (alt XKB TS-1088),SW502,SW_SPST_PTS810,
RESET PTS810 SJM 250 SMTR LFS (alt XKB TS-1088),SW503,SW_SPST_PTS810,
RK806S-5 RK806S-5,U201,QFN-68-1EP_8x8mm_P0.4mm_EP5.2x5.2mm_ThermalVias,
TPS562201 TPS562201DDCR,"U301,U302,U303",SOT-23-6,
TPS563201 TPS563201DDCR,U304,SOT-23-6,
AP2171W AP2171WG-7,"U305,U702,U1404",SOT-23-5,C155555
RK3576 RK3576,U401,RK3576_FCCSP-698_16.1x17.2mm,
LPDDR5 4GB MT62F1G32D2DS-026 WT:B (4GB) | alt MT62F2G32D4DS-026 WT:B (8GB),U601,LPDDR5_FBGA-315_12.4x15.0mm_P0.8x0.7mm,
eMMC 32GB FEMDNN032G-A3A55 (32GB) | alt KLMBG2JETD-B041 (32GB),U701,eMMC_FBGA-153_11.5x13.0mm_P0.5mm,
TPD4E05U06 TPD4E05U06DQAR,"U901,U902,U1002",USON-10_2.5x1.0mm_P0.5mm,
USBLC6-2SC6 USBLC6-2SC6,"U1001,U1003,U1402,U1403",SOT-23-6,C7519
AP2171W AP2171WG-7 (1.5A limit),U1004,SOT-23-5,C155555
RTL8211F-CG RTL8211F-CG,U1301,WQFN-40-1EP_5x5mm_P0.4mm,C187932
FE1.1s FE1.1S-BSOP28BCN,U1401,SSOP-28_3.9x9.9mm_P0.635mm,C9359
"BL-M8821CU1 BL-M8821CU1 (alt BL-M8723DU1, JLC C9900166844)",U1405,WiFi_Module_22P_13.0x12.2mm_P1.27mm,
24MHz X322524MOB4SI (24MHz 20pF 10ppm),Y501,Crystal_SMD_3225-4Pin_3.2x2.5mm,C9002
25MHz X322525MOB4SI (25MHz 20pF),Y1301,Crystal_SMD_3225-4Pin_3.2x2.5mm,C9006
12MHz X322512MSB4SI (12MHz 20pF),Y1401,Crystal_SMD_3225-4Pin_3.2x2.5mm,C9002
