Ref,Val,Package,PosX,PosY,Rot,Side
"C311","22uF","C_0603_1608Metric",20.000000,-26.000000,0.000000,bottom
"C312","22uF","C_0603_1608Metric",20.000000,-24.000000,0.000000,bottom
"C315","22uF","C_0603_1608Metric",60.500000,-33.000000,0.000000,bottom
"C316","22uF","C_0603_1608Metric",60.500000,-31.000000,0.000000,bottom
"C401","22uF","C_0603_1608Metric",40.000000,-26.000000,0.000000,bottom
"C402","22uF","C_0603_1608Metric",40.000000,-24.000000,0.000000,bottom
"C403","10uF","C_0603_1608Metric",40.000000,-28.000000,0.000000,bottom
"C404","10uF","C_0603_1608Metric",36.500000,-26.000000,0.000000,bottom
"C405","1uF","C_0402_1005Metric",43.000000,-26.000000,0.000000,bottom
"C406","1uF","C_0402_1005Metric",43.000000,-24.500000,0.000000,bottom
"C407","1uF","C_0402_1005Metric",43.000000,-27.500000,0.000000,bottom
"C408","1uF","C_0402_1005Metric",37.000000,-24.000000,0.000000,bottom
"C409","100nF","C_0402_1005Metric",37.000000,-28.000000,0.000000,bottom
"C410","100nF","C_0402_1005Metric",40.000000,-22.000000,0.000000,bottom
"C411","100nF","C_0402_1005Metric",37.500000,-21.000000,0.000000,bottom
"C412","100nF","C_0402_1005Metric",34.500000,-29.500000,0.000000,bottom
"C413","100nF","C_0402_1005Metric",48.000000,-26.000000,0.000000,bottom
"C414","100nF","C_0402_1005Metric",32.000000,-24.500000,0.000000,bottom
"C415","100nF","C_0402_1005Metric",48.000000,-24.500000,0.000000,bottom
"C416","100nF","C_0402_1005Metric",32.000000,-27.500000,0.000000,bottom
"C417","22uF","C_0603_1608Metric",48.500000,-28.000000,0.000000,bottom
"C418","10uF","C_0603_1608Metric",34.500000,-19.000000,0.000000,bottom
"C419","1uF","C_0402_1005Metric",37.500000,-18.000000,0.000000,bottom
"C420","1uF","C_0402_1005Metric",40.000000,-17.500000,0.000000,bottom
"C421","100nF","C_0402_1005Metric",40.000000,-34.500000,0.000000,bottom
"C422","100nF","C_0402_1005Metric",32.000000,-23.000000,0.000000,bottom
"C423","100nF","C_0402_1005Metric",48.000000,-23.000000,0.000000,bottom
"C424","100nF","C_0402_1005Metric",32.000000,-29.000000,0.000000,bottom
"C425","100nF","C_0402_1005Metric",47.500000,-21.500000,0.000000,bottom
"C426","22uF","C_0603_1608Metric",48.500000,-30.000000,0.000000,bottom
"C427","10uF","C_0603_1608Metric",45.500000,-18.000000,0.000000,bottom
"C428","1uF","C_0402_1005Metric",31.000000,-26.000000,0.000000,bottom
"C429","1uF","C_0402_1005Metric",32.500000,-21.000000,0.000000,bottom
"C430","100nF","C_0402_1005Metric",45.000000,-33.500000,0.000000,bottom
"C431","100nF","C_0402_1005Metric",42.500000,-17.000000,0.000000,bottom
"C432","100nF","C_0402_1005Metric",42.500000,-35.000000,0.000000,bottom
"C433","100nF","C_0402_1005Metric",47.500000,-20.000000,0.000000,bottom
"C434","100nF","C_0402_1005Metric",47.500000,-32.000000,0.000000,bottom
"C435","22uF","C_0603_1608Metric",37.000000,-16.000000,0.000000,bottom
"C436","10uF","C_0603_1608Metric",39.500000,-36.500000,0.000000,bottom
"C437","1uF","C_0402_1005Metric",40.000000,-16.000000,0.000000,bottom
"C438","1uF","C_0402_1005Metric",31.000000,-30.500000,0.000000,bottom
"C439","100nF","C_0402_1005Metric",45.000000,-35.000000,0.000000,bottom
"C440","100nF","C_0402_1005Metric",50.500000,-26.000000,0.000000,bottom
"C441","100nF","C_0402_1005Metric",29.500000,-24.500000,0.000000,bottom
"C442","100nF","C_0402_1005Metric",50.500000,-24.500000,0.000000,bottom
"C443","100nF","C_0402_1005Metric",29.500000,-27.500000,0.000000,bottom
"C444","22uF","C_0603_1608Metric",33.500000,-17.000000,0.000000,bottom
"C445","10uF","C_0603_1608Metric",48.000000,-34.000000,0.000000,bottom
"C446","10uF","C_0603_1608Metric",43.000000,-15.000000,0.000000,bottom
"C447","1uF","C_0402_1005Metric",31.500000,-19.500000,0.000000,bottom
"C448","1uF","C_0402_1005Metric",42.500000,-36.500000,0.000000,bottom
"C449","1uF","C_0402_1005Metric",31.000000,-32.000000,0.000000,bottom
"C450","100nF","C_0402_1005Metric",29.500000,-23.000000,0.000000,bottom
"C451","100nF","C_0402_1005Metric",50.500000,-23.000000,0.000000,bottom
"C452","100nF","C_0402_1005Metric",29.500000,-29.000000,0.000000,bottom
"C453","100nF","C_0402_1005Metric",30.000000,-21.500000,0.000000,bottom
"C454","100nF","C_0402_1005Metric",50.000000,-21.500000,0.000000,bottom
"C455","100nF","C_0402_1005Metric",36.500000,-36.500000,0.000000,bottom
"C456","100nF","C_0402_1005Metric",48.500000,-18.500000,0.000000,bottom
"C457","100nF","C_0402_1005Metric",40.000000,-14.500000,0.000000,bottom
"C458","100nF","C_0402_1005Metric",28.500000,-26.000000,0.000000,bottom
"C459","10uF","C_0603_1608Metric",46.500000,-16.000000,0.000000,bottom
"C460","1uF","C_0402_1005Metric",51.500000,-27.500000,0.000000,bottom
"C461","1uF","C_0402_1005Metric",45.000000,-36.500000,0.000000,bottom
"C462","100nF","C_0402_1005Metric",50.000000,-20.000000,0.000000,bottom
"C463","100nF","C_0402_1005Metric",50.000000,-32.000000,0.000000,bottom
"C464","100nF","C_0402_1005Metric",31.000000,-33.500000,0.000000,bottom
"C465","100nF","C_0402_1005Metric",51.500000,-29.000000,0.000000,bottom
"C466","100nF","C_0402_1005Metric",34.000000,-36.500000,0.000000,bottom
"C467","10uF","C_0603_1608Metric",37.000000,-14.000000,0.000000,bottom
"C468","1uF","C_0402_1005Metric",42.500000,-38.000000,0.000000,bottom
"C469","1uF","C_0402_1005Metric",28.500000,-30.500000,0.000000,bottom
"C470","100nF","C_0402_1005Metric",51.500000,-30.500000,0.000000,bottom
"C471","100nF","C_0402_1005Metric",30.500000,-18.000000,0.000000,bottom
"C472","100nF","C_0402_1005Metric",47.500000,-36.000000,0.000000,bottom
"C473","100nF","C_0402_1005Metric",36.500000,-38.000000,0.000000,bottom
"C474","100nF","C_0402_1005Metric",40.000000,-38.500000,0.000000,bottom
"C475","100nF","C_0402_1005Metric",34.000000,-15.000000,0.000000,bottom
"C476","100nF","C_0402_1005Metric",29.000000,-20.000000,0.000000,bottom
"C477","100nF","C_0402_1005Metric",31.000000,-35.000000,0.000000,bottom
"C478","1uF","C_0402_1005Metric",28.500000,-32.000000,0.000000,bottom
"C479","100nF","C_0402_1005Metric",40.000000,-13.000000,0.000000,bottom
"C480","100nF","C_0402_1005Metric",53.000000,-26.000000,0.000000,bottom
"C481","1uF","C_0402_1005Metric",45.000000,-38.000000,0.000000,bottom
"C482","100nF","C_0402_1005Metric",49.500000,-17.000000,0.000000,bottom
"C483","100nF","C_0402_1005Metric",27.000000,-24.500000,0.000000,bottom
"C484","100nF","C_0402_1005Metric",53.000000,-24.500000,0.000000,bottom
"C485","100nF","C_0402_1005Metric",27.000000,-27.500000,0.000000,bottom
"C486","1uF","C_0402_1005Metric",42.500000,-13.000000,0.000000,bottom
"C487","100nF","C_0402_1005Metric",27.500000,-21.500000,0.000000,bottom
"C488","100nF","C_0402_1005Metric",52.500000,-21.500000,0.000000,bottom
"C489","1uF","C_0402_1005Metric",51.000000,-18.500000,0.000000,bottom
"C490","100nF","C_0402_1005Metric",51.000000,-33.500000,0.000000,bottom
"C491","100nF","C_0402_1005Metric",27.000000,-23.000000,0.000000,bottom
"C492","1uF","C_0402_1005Metric",53.000000,-23.000000,0.000000,bottom
"C493","100nF","C_0402_1005Metric",27.000000,-29.000000,0.000000,bottom
"C494","100nF","C_0402_1005Metric",46.000000,-14.000000,0.000000,bottom
"C495","100nF","C_0402_1005Metric",34.000000,-38.000000,0.000000,bottom
"C496","100nF","C_0402_1005Metric",30.500000,-16.500000,0.000000,bottom
"C497","100nF","C_0402_1005Metric",31.500000,-36.500000,0.000000,bottom
"C498","100nF","C_0402_1005Metric",28.500000,-33.500000,0.000000,bottom
"C499","100nF","C_0402_1005Metric",47.500000,-37.500000,0.000000,bottom
"C503","100nF","C_0402_1005Metric",37.500000,-39.500000,0.000000,bottom
"C504","1uF","C_0402_1005Metric",42.500000,-39.500000,0.000000,bottom
"C601","10uF","C_0603_1608Metric",20.000000,-28.000000,0.000000,bottom
"C602","10uF","C_0603_1608Metric",16.500000,-26.000000,0.000000,bottom
"C603","1uF","C_0402_1005Metric",23.000000,-26.000000,0.000000,bottom
"C604","1uF","C_0402_1005Metric",23.000000,-24.500000,0.000000,bottom
"C605","100nF","C_0402_1005Metric",23.000000,-27.500000,0.000000,bottom
"C606","100nF","C_0402_1005Metric",17.000000,-24.000000,0.000000,bottom
"C607","100nF","C_0402_1005Metric",17.000000,-28.000000,0.000000,bottom
"C608","100nF","C_0402_1005Metric",20.000000,-22.000000,0.000000,bottom
"C609","100nF","C_0402_1005Metric",19.000000,-30.000000,0.000000,bottom
"C610","100nF","C_0402_1005Metric",23.000000,-23.000000,0.000000,bottom
"C611","100nF","C_0402_1005Metric",23.000000,-29.000000,0.000000,bottom
"C612","100nF","C_0402_1005Metric",17.000000,-22.500000,0.000000,bottom
"C613","100nF","C_0402_1005Metric",16.500000,-29.500000,0.000000,bottom
"C614","100nF","C_0402_1005Metric",22.500000,-21.500000,0.000000,bottom
"C615","10uF","C_0603_1608Metric",19.500000,-20.000000,0.000000,bottom
"C616","1uF","C_0402_1005Metric",25.500000,-26.000000,0.000000,bottom
"C617","100nF","C_0402_1005Metric",14.500000,-24.000000,0.000000,bottom
"C618","100nF","C_0402_1005Metric",14.500000,-28.000000,0.000000,bottom
"C619","100nF","C_0402_1005Metric",16.500000,-21.000000,0.000000,bottom
"C620","100nF","C_0402_1005Metric",22.500000,-20.000000,0.000000,bottom
"C621","10uF","C_0603_1608Metric",13.000000,-26.000000,0.000000,bottom
"C622","1uF","C_0402_1005Metric",14.500000,-22.500000,0.000000,bottom
"C623","1uF","C_0402_1005Metric",25.000000,-21.500000,0.000000,bottom
"C624","100nF","C_0402_1005Metric",14.000000,-29.500000,0.000000,bottom
"C625","100nF","C_0402_1005Metric",16.500000,-19.500000,0.000000,bottom
"C626","100nF","C_0402_1005Metric",25.000000,-20.000000,0.000000,bottom
"C627","100nF","C_0402_1005Metric",14.000000,-21.000000,0.000000,bottom
"C628","100nF","C_0402_1005Metric",22.500000,-18.500000,0.000000,bottom
"C629","100nF","C_0402_1005Metric",20.000000,-18.000000,0.000000,bottom
"C630","100nF","C_0402_1005Metric",12.000000,-24.000000,0.000000,bottom
"C631","100nF","C_0402_1005Metric",12.000000,-28.000000,0.000000,bottom
"C632","4.7uF","C_0402_1005Metric",17.500000,-18.000000,0.000000,bottom
"C633","100nF","C_0402_1005Metric",12.000000,-22.500000,0.000000,bottom
"C634","100nF","C_0402_1005Metric",14.000000,-19.500000,0.000000,bottom
"C701","1uF","C_0402_1005Metric",61.000000,-15.000000,0.000000,bottom
"C702","2.2uF","C_0402_1005Metric",6.000000,-24.000000,0.000000,bottom
"C703","100nF","C_0402_1005Metric",6.000000,-30.000000,0.000000,bottom
"C704","100nF","C_0402_1005Metric",2.500000,-27.000000,0.000000,bottom
"C705","2.2uF","C_0402_1005Metric",61.000000,-13.500000,0.000000,bottom
"C706","100nF","C_0402_1005Metric",61.000000,-16.500000,0.000000,bottom
"C707","100nF","C_0402_1005Metric",58.500000,-15.000000,0.000000,bottom
"C708","10uF","C_0603_1608Metric",3.000000,-24.000000,0.000000,bottom
"C709","100nF","C_0402_1005Metric",9.500000,-27.000000,0.000000,bottom
"C801","220nF","C_0201_0603Metric",70.500000,-33.000000,0.000000,bottom
"C802","220nF","C_0201_0603Metric",70.500000,-32.000000,0.000000,bottom
"C803","22uF","C_0603_1608Metric",60.500000,-35.000000,0.000000,bottom
"C804","22uF","C_0603_1608Metric",60.500000,-29.000000,0.000000,bottom
"C805","100nF","C_0402_1005Metric",70.500000,-36.500000,0.000000,bottom
"C806","100nF","C_0402_1005Metric",61.500000,-37.000000,0.000000,bottom
"C4100","1uF","C_0402_1005Metric",40.000000,-30.000000,0.000000,bottom
"C4101","100nF","C_0402_1005Metric",43.000000,-23.000000,0.000000,bottom
"C4102","4.7uF","C_0402_1005Metric",43.000000,-29.000000,0.000000,bottom
"C4103","100nF","C_0402_1005Metric",37.000000,-22.500000,0.000000,bottom
"C4104","100nF","C_0402_1005Metric",37.000000,-29.500000,0.000000,bottom
"C4105","100nF","C_0402_1005Metric",42.500000,-21.500000,0.000000,bottom
"C4106","100nF","C_0402_1005Metric",42.500000,-30.500000,0.000000,bottom
"C4107","100nF","C_0402_1005Metric",40.000000,-20.500000,0.000000,bottom
"C4108","100nF","C_0402_1005Metric",45.500000,-26.000000,0.000000,bottom
"C4109","100nF","C_0402_1005Metric",40.000000,-31.500000,0.000000,bottom
"C4110","100nF","C_0402_1005Metric",45.500000,-24.500000,0.000000,bottom
"C4111","100nF","C_0402_1005Metric",45.500000,-27.500000,0.000000,bottom
"C4112","100nF","C_0402_1005Metric",34.500000,-24.000000,0.000000,bottom
"C4113","1uF","C_0402_1005Metric",34.500000,-28.000000,0.000000,bottom
"C4114","100nF","C_0402_1005Metric",45.500000,-23.000000,0.000000,bottom
"C4115","4.7uF","C_0402_1005Metric",45.500000,-29.000000,0.000000,bottom
"C4116","100nF","C_0402_1005Metric",42.500000,-20.000000,0.000000,bottom
"C4117","100nF","C_0402_1005Metric",33.500000,-26.000000,0.000000,bottom
"C4118","100nF","C_0402_1005Metric",42.500000,-32.000000,0.000000,bottom
"C4119","100nF","C_0402_1005Metric",34.500000,-22.500000,0.000000,bottom
"C4120","100nF","C_0402_1005Metric",45.000000,-21.500000,0.000000,bottom
"C4121","100nF","C_0402_1005Metric",45.000000,-30.500000,0.000000,bottom
"C4122","1uF","C_0402_1005Metric",37.500000,-19.500000,0.000000,bottom
"C4123","100nF","C_0402_1005Metric",40.000000,-19.000000,0.000000,bottom
"C4124","4.7uF","C_0402_1005Metric",40.000000,-33.000000,0.000000,bottom
"C4125","100nF","C_0402_1005Metric",35.000000,-21.000000,0.000000,bottom
"C4126","100nF","C_0402_1005Metric",45.000000,-20.000000,0.000000,bottom
"C4127","100nF","C_0402_1005Metric",45.000000,-32.000000,0.000000,bottom
"C4128","1uF","C_0402_1005Metric",42.500000,-18.500000,0.000000,bottom
"C4129","100nF","C_0402_1005Metric",42.500000,-33.500000,0.000000,bottom
"H801","M2 standoff 2242","SMD_Standoff_M2_D4.0mm",23.000000,-33.000000,180.000000,bottom
"H802","M2 standoff 2230","SMD_Standoff_M2_D4.0mm",35.000000,-33.000000,180.000000,bottom
"J701","microSD","microSD_HC_Hirose_DM3AT-SF-PEJM5",9.225000,-39.030000,90.000000,bottom
"J801","M.2 M-KEY","M.2_Socket3_M-Key_H4.2mm",66.000000,-33.000000,90.000000,bottom
"R502","10k","R_0402_1005Metric",52.500000,-20.000000,0.000000,bottom
"R503","100R","R_0402_1005Metric",52.500000,-32.000000,0.000000,bottom
"R504","1k","R_0402_1005Metric",31.500000,-15.000000,0.000000,bottom
"R505","240R","R_0402_1005Metric",40.000000,-40.000000,0.000000,bottom
"R506","240R","R_0402_1005Metric",54.000000,-27.500000,0.000000,bottom
"R601","240R","R_0402_1005Metric",25.000000,-18.500000,0.000000,bottom
"R602","10k","R_0402_1005Metric",11.500000,-29.500000,0.000000,bottom
"R701","10k","R_0402_1005Metric",63.500000,-15.000000,0.000000,bottom
"R702","10k","R_0201_0603Metric",59.000000,-13.500000,0.000000,bottom
"R703","10k","R_0201_0603Metric",63.000000,-13.500000,0.000000,bottom
"R704","10k","R_0201_0603Metric",59.000000,-16.500000,0.000000,bottom
"R705","10k","R_0201_0603Metric",63.000000,-16.500000,0.000000,bottom
"R706","10k","R_0201_0603Metric",61.000000,-12.000000,0.000000,bottom
"R707","10k","R_0201_0603Metric",61.000000,-18.000000,0.000000,bottom
"R708","10k","R_0201_0603Metric",59.000000,-12.500000,0.000000,bottom
"R709","10k","R_0201_0603Metric",63.000000,-12.500000,0.000000,bottom
"R710","10k","R_0402_1005Metric",59.000000,-18.000000,0.000000,bottom
"R711","10k","R_0402_1005Metric",9.225000,-30.030000,0.000000,bottom
"R712","10k","R_0402_1005Metric",7.225000,-48.030000,0.000000,bottom
"R713","10k","R_0402_1005Metric",4.725000,-48.030000,0.000000,bottom
"R714","10k","R_0402_1005Metric",19.725000,-39.030000,0.000000,bottom
"R715","10k","R_0402_1005Metric",3.724999,-30.030000,0.000000,bottom
"R716","100k","R_0402_1005Metric",19.725000,-37.530000,0.000000,bottom
"R801","10k","R_0402_1005Metric",70.500000,-38.000000,0.000000,bottom
"R802","10k","R_0402_1005Metric",61.500000,-38.500000,0.000000,bottom
"R803","10k","R_0402_1005Metric",61.500000,-27.000000,0.000000,bottom
"R804","1k","R_0402_1005Metric",73.000000,-36.500000,0.000000,bottom
"R916","20k","R_0402_1005Metric",35.000000,-39.500000,0.000000,bottom
"R1002","100k","R_0402_1005Metric",34.000000,-13.500000,0.000000,bottom
"U702","AP2171W","SOT-23-5",6.000000,-27.000000,180.000000,bottom
"C101","47uF","C_0805_2012Metric",69.500000,-17.500000,0.000000,top
"C102","47uF","C_0805_2012Metric",69.500000,-20.000000,0.000000,top
"C103","10uF","C_0603_1608Metric",69.500000,-22.500000,0.000000,top
"C104","10uF","C_0603_1608Metric",69.500000,-11.500000,0.000000,top
"C105","100nF","C_0402_1005Metric",77.500000,-12.000000,0.000000,top
"C201","10uF","C_0603_1608Metric",40.000000,-13.000000,0.000000,top
"C202","22uF","C_0603_1608Metric",40.000000,-15.000000,0.000000,top
"C203","22uF","C_0603_1608Metric",33.000000,-3.000000,0.000000,top
"C204","22uF","C_0603_1608Metric",29.500000,-3.000000,0.000000,top
"C205","47uF","C_0805_2012Metric",52.000000,-7.000000,0.000000,top
"C206","47uF","C_0805_2012Metric",52.000000,-9.500000,0.000000,top
"C207","10uF","C_0603_1608Metric",52.000000,-12.000000,0.000000,top
"C208","22uF","C_0603_1608Metric",52.000000,-14.000000,0.000000,top
"C209","22uF","C_0603_1608Metric",26.000000,-3.500000,0.000000,top
"C210","22uF","C_0603_1608Metric",26.000000,-1.500000,0.000000,top
"C211","10uF","C_0603_1608Metric",56.000000,-6.500000,0.000000,top
"C212","22uF","C_0603_1608Metric",25.000000,-15.500000,0.000000,top
"C213","22uF","C_0603_1608Metric",22.500000,-3.500000,0.000000,top
"C214","22uF","C_0603_1608Metric",22.500000,-1.500000,0.000000,top
"C215","10uF","C_0603_1608Metric",21.500000,-15.500000,0.000000,top
"C216","22uF","C_0603_1608Metric",19.000000,-3.500000,0.000000,top
"C217","22uF","C_0603_1608Metric",19.000000,-1.500000,0.000000,top
"C218","22uF","C_0603_1608Metric",17.500000,-11.500000,0.000000,top
"C219","10uF","C_0603_1608Metric",56.000000,-23.500000,0.000000,top
"C220","22uF","C_0603_1608Metric",51.000000,-27.500000,0.000000,top
"C221","22uF","C_0603_1608Metric",17.500000,-13.500000,0.000000,top
"C222","10uF","C_0603_1608Metric",18.000000,-15.500000,0.000000,top
"C223","22uF","C_0603_1608Metric",56.000000,-25.500000,0.000000,top
"C224","22uF","C_0603_1608Metric",64.500000,-6.500000,0.000000,top
"C225","10uF","C_0603_1608Metric",15.500000,-4.500000,0.000000,top
"C226","22uF","C_0603_1608Metric",15.500000,-2.500000,0.000000,top
"C227","22uF","C_0603_1608Metric",51.000000,-29.500000,0.000000,top
"C228","10uF","C_0603_1608Metric",54.500000,-27.500000,0.000000,top
"C229","22uF","C_0603_1608Metric",59.500000,-23.500000,0.000000,top
"C230","22uF","C_0603_1608Metric",14.000000,-11.500000,0.000000,top
"C231","10uF","C_0603_1608Metric",54.500000,-29.500000,0.000000,top
"C232","22uF","C_0603_1608Metric",14.000000,-13.500000,0.000000,top
"C233","22uF","C_0603_1608Metric",51.000000,-31.500000,0.000000,top
"C234","10uF","C_0603_1608Metric",14.500000,-15.500000,0.000000,top
"C235","22uF","C_0603_1608Metric",59.500000,-25.500000,0.000000,top
"C236","22uF","C_0603_1608Metric",58.000000,-27.500000,0.000000,top
"C237","2.2uF","C_0402_1005Metric",46.000000,-4.500000,0.000000,top
"C238","2.2uF","C_0402_1005Metric",37.000000,-13.000000,0.000000,top
"C239","2.2uF","C_0402_1005Metric",43.000000,-13.000000,0.000000,top
"C240","2.2uF","C_0402_1005Metric",46.000000,-3.000000,0.000000,top
"C241","2.2uF","C_0402_1005Metric",37.000000,-14.500000,0.000000,top
"C242","2.2uF","C_0402_1005Metric",43.000000,-14.500000,0.000000,top
"C243","2.2uF","C_0402_1005Metric",46.000000,-1.500000,0.000000,top
"C244","2.2uF","C_0402_1005Metric",18.500000,-7.000000,0.000000,top
"C245","2.2uF","C_0402_1005Metric",18.500000,-5.500000,0.000000,top
"C246","2.2uF","C_0402_1005Metric",18.500000,-8.500000,0.000000,top
"C247","4.7uF","C_0402_1005Metric",62.500000,-23.000000,0.000000,top
"C248","4.7uF","C_0402_1005Metric",12.500000,-4.500000,0.000000,top
"C249","4.7uF","C_0402_1005Metric",12.500000,-3.000000,0.000000,top
"C250","4.7uF","C_0402_1005Metric",30.000000,-33.000000,0.000000,top
"C251","1uF","C_0402_1005Metric",12.500000,-1.500000,0.000000,top
"C252","1uF","C_0402_1005Metric",54.000000,-31.500000,0.000000,top
"C301","100nF","C_0402_1005Metric",9.500000,-5.000000,0.000000,top
"C302","10uF","C_0603_1608Metric",9.500000,-11.000000,0.000000,top
"C303","22uF","C_0603_1608Metric",51.000000,-33.500000,0.000000,top
"C304","22uF","C_0603_1608Metric",58.000000,-29.500000,0.000000,top
"C305","100nF","C_0402_1005Metric",9.500000,-17.500000,0.000000,top
"C306","10uF","C_0603_1608Metric",5.000000,-8.000000,0.000000,top
"C307","22uF","C_0603_1608Metric",63.000000,-25.000000,0.000000,top
"C308","22uF","C_0603_1608Metric",40.000000,-36.500000,0.000000,top
"C309","100nF","C_0402_1005Metric",6.000000,-21.000000,0.000000,top
"C310","10uF","C_0603_1608Metric",6.000000,-11.000000,0.000000,top
"C313","100nF","C_0402_1005Metric",58.000000,-49.000000,0.000000,top
"C314","10uF","C_0603_1608Metric",2.500000,-10.000000,0.000000,top
"C317","10uF","C_0603_1608Metric",70.500000,-5.500000,0.000000,top
"C318","1uF","C_0402_1005Metric",74.000000,-8.500000,0.000000,top
"C501","15pF","C_0402_1005Metric",53.500000,-39.500000,0.000000,top
"C502","15pF","C_0402_1005Metric",54.000000,-33.500000,0.000000,top
"C505","100nF","C_0402_1005Metric",30.000000,-34.500000,0.000000,top
"C901","220nF","C_0201_0603Metric",46.500000,-41.000000,0.000000,top
"C902","220nF","C_0201_0603Metric",46.500000,-40.000000,0.000000,top
"C903","220nF","C_0201_0603Metric",50.500000,-41.000000,0.000000,top
"C904","220nF","C_0201_0603Metric",50.500000,-40.000000,0.000000,top
"C905","220nF","C_0201_0603Metric",46.500000,-42.000000,0.000000,top
"C906","220nF","C_0201_0603Metric",50.500000,-42.000000,0.000000,top
"C907","220nF","C_0201_0603Metric",44.500000,-38.500000,0.000000,top
"C908","220nF","C_0201_0603Metric",45.500000,-43.500000,0.000000,top
"C909","1uF","C_0402_1005Metric",36.000000,-38.425000,0.000000,top
"C910","100nF","C_0402_1005Metric",28.000000,-42.425000,0.000000,top
"C1001","100nF","C_0201_0603Metric",70.155000,-31.500000,0.000000,top
"C1002","100nF","C_0201_0603Metric",70.155000,-30.500000,0.000000,top
"C1003","47uF","C_0805_2012Metric",69.500000,-14.000000,0.000000,top
"C1004","100nF","C_0402_1005Metric",74.000000,-11.000000,0.000000,top
"D101","SMF5.0A","D_SOD-123F",74.000000,-17.500000,0.000000,top
"D901","B5819W","D_SOD-123",79.000000,-17.500000,0.000000,top
"F101","6A","Fuse_1206_3216Metric",79.000000,-14.500000,0.000000,top
"F901","0.5A PTC","Fuse_1206_3216Metric",81.000000,-11.500000,0.000000,top
"FB301","120R@100MHz","L_0603_1608Metric",61.000000,-6.500000,0.000000,top
"FID1201","FID","Fiducial_1mm_Mask2mm",9.000000,-2.500000,0.000000,top
"FID1202","FID","Fiducial_1mm_Mask2mm",77.000000,-9.000000,0.000000,top
"FID1203","FID","Fiducial_1mm_Mask2mm",23.000000,-53.000000,0.000000,top
"J101","USB-C PWR/OTG","USB_C_Receptacle_HRO_TYPE-C-31-M-12",14.000000,-52.805000,0.000000,top
"J501","DEBUG UART","PinHeader_1x03_P2.54mm_Vertical",64.000000,-52.600000,90.000000,top
"J901","HDMI","HDMI_A_Molex_208658-1001_Horizontal",36.000000,-48.425000,-90.000000,top
"J1001","USB3.0 A","USB3_A_Molex_48393-001",74.655000,-31.500000,90.000000,top
"L201","0.24uH","L_Coilcraft_XAL4030-XXX",32.500000,-7.000000,0.000000,top
"L202","0.47uH","L_Coilcraft_XAL4030-XXX",47.500000,-8.000000,0.000000,top
"L203","0.47uH","L_Coilcraft_XAL4030-XXX",32.500000,-12.500000,0.000000,top
"L204","0.47uH","L_Coilcraft_XAL4030-XXX",47.500000,-13.500000,0.000000,top
"L205","1uH","L_Changjiang_FNR4030S",27.000000,-7.000000,0.000000,top
"L206","1uH","L_Changjiang_FNR4030S",27.000000,-12.000000,0.000000,top
"L207","1uH","L_Changjiang_FNR4030S",51.500000,-19.000000,0.000000,top
"L208","1uH","L_Changjiang_FNR4030S",22.000000,-7.000000,0.000000,top
"L209","1uH","L_Changjiang_FNR4030S",22.000000,-12.000000,0.000000,top
"L210","1uH","L_Changjiang_FNR4030S",51.500000,-24.000000,0.000000,top
"L301","2.2uH","L_Changjiang_FNR4030S",14.500000,-8.000000,0.000000,top
"L302","2.2uH","L_Changjiang_FNR4030S",4.500000,-14.500000,0.000000,top
"L303","2.2uH","L_Changjiang_FNR4030S",9.500000,-25.500000,0.000000,top
"L304","1.5uH","L_Changjiang_FNR4030S",58.000000,-41.500000,0.000000,top
"LED101","PWR","LED_0603_1608Metric",3.500000,-46.000000,0.000000,top
"LED501","SYS","LED_0603_1608Metric",3.500000,-43.000000,0.000000,top
"LED801","SSD","LED_0603_1608Metric",3.500000,-40.000000,0.000000,top
"Q901","BSS138","SOT-23",29.000000,-26.000000,0.000000,top
"Q902","BSS138","SOT-23",29.000000,-22.000000,0.000000,top
"Q903","BSS138","SOT-23",29.000000,-30.000000,0.000000,top
"Q904","BSS138","SOT-23",29.000000,-18.000000,0.000000,top
"Q905","BSS138","SOT-23",36.000000,-40.925000,0.000000,top
"Q906","BSS138","SOT-23",31.500000,-40.925000,0.000000,top
"Q907","BSS138","SOT-23",40.500000,-40.925000,0.000000,top
"R101","5.1k","R_0402_1005Metric",14.000000,-46.305000,0.000000,top
"R102","5.1k","R_0402_1005Metric",11.500000,-46.305000,0.000000,top
"R103","2.2k","R_0402_1005Metric",16.500000,-46.305000,0.000000,top
"R201","0R","R_0402_1005Metric",61.000000,-27.500000,0.000000,top
"R203","0R","R_0402_1005Metric",37.000000,-36.500000,0.000000,top
"R205","0R","R_0402_1005Metric",65.000000,-23.000000,0.000000,top
"R207","0R","R_0402_1005Metric",12.000000,-17.500000,0.000000,top
"R209","0R","R_0402_1005Metric",34.500000,-36.500000,0.000000,top
"R211","2.2k","R_0402_1005Metric",50.000000,-35.500000,0.000000,top
"R212","2.2k","R_0402_1005Metric",61.000000,-29.000000,0.000000,top
"R213","10k","R_0402_1005Metric",32.000000,-36.500000,0.000000,top
"R214","10k","R_0402_1005Metric",27.500000,-35.000000,0.000000,top
"R301","16k","R_0402_1005Metric",2.000000,-8.000000,0.000000,top
"R302","10k","R_0402_1005Metric",7.000000,-18.000000,0.000000,top
"R303","4.3k","R_0402_1005Metric",4.500000,-18.000000,0.000000,top
"R304","10k","R_0402_1005Metric",6.000000,-19.500000,0.000000,top
"R305","1.74k","R_0402_1005Metric",6.000000,-22.500000,0.000000,top
"R306","10k","R_0402_1005Metric",6.000000,-24.000000,0.000000,top
"R307","33k","R_0402_1005Metric",54.500000,-46.000000,0.000000,top
"R308","10k","R_0402_1005Metric",61.500000,-46.000000,0.000000,top
"R901","590R","R_0402_1005Metric",25.000000,-35.000000,0.000000,top
"R902","590R","R_0402_1005Metric",29.000000,-36.500000,0.000000,top
"R903","590R","R_0402_1005Metric",22.500000,-35.000000,0.000000,top
"R904","590R","R_0402_1005Metric",26.500000,-36.500000,0.000000,top
"R905","590R","R_0402_1005Metric",29.000000,-38.000000,0.000000,top
"R906","590R","R_0402_1005Metric",24.000000,-36.500000,0.000000,top
"R907","590R","R_0402_1005Metric",20.000000,-35.000000,0.000000,top
"R908","590R","R_0402_1005Metric",21.500000,-36.500000,0.000000,top
"R909","4.7k","R_0402_1005Metric",33.500000,-38.425000,0.000000,top
"R910","1.8k","R_0402_1005Metric",38.500000,-38.425000,0.000000,top
"R911","4.7k","R_0402_1005Metric",41.000000,-38.425000,0.000000,top
"R912","1.8k","R_0402_1005Metric",28.000000,-40.925000,0.000000,top
"R913","4.7k","R_0402_1005Metric",28.000000,-39.425000,0.000000,top
"R914","27k","R_0402_1005Metric",26.500000,-37.925000,0.000000,top
"R915","10k","R_0402_1005Metric",46.000000,-48.425000,0.000000,top
"R917","100k","R_0402_1005Metric",26.000000,-48.925000,0.000000,top
"R1001","56k","R_0402_1005Metric",24.000000,-43.000000,0.000000,top
"R1003","10k","R_0402_1005Metric",74.000000,-7.000000,0.000000,top
"R1004","100k","R_0402_1005Metric",79.500000,-9.000000,0.000000,top
"SW501","MASKROM","SW_SPST_PTS810",51.000000,-3.000000,0.000000,top
"SW502","POWER","SW_SPST_PTS810",58.000000,-3.000000,0.000000,top
"SW503","RESET","SW_SPST_PTS810",65.000000,-3.000000,0.000000,top
"U201","RK806S-5","QFN-68-1EP_8x8mm_P0.4mm_EP5.2x5.2mm_ThermalVias",40.000000,-7.000000,0.000000,top
"U301","TPS562201","SOT-23-6",9.500000,-8.000000,0.000000,top
"U302","TPS562201","SOT-23-6",9.500000,-14.500000,0.000000,top
"U303","TPS562201","SOT-23-6",9.500000,-21.000000,0.000000,top
"U304","TPS563201","SOT-23-6",58.000000,-46.000000,0.000000,top
"U305","AP2171W","SOT-23-5",70.500000,-8.500000,0.000000,top
"U401","RK3576","RK3576_FCCSP-698_16.1x17.2mm_PLACEHOLDER",40.000000,-26.000000,0.000000,top
"U601","LPDDR5 4GB","LPDDR5_FBGA-315_12.4x15.0mm_P0.8x0.7mm",20.000000,-26.000000,0.000000,top
"U701","eMMC 32GB","eMMC_FBGA-153_11.5x13.0mm_P0.5mm",61.000000,-15.000000,0.000000,top
"U901","TPD4E05U06","USON-10_2.5x1.0mm_P0.5mm",48.500000,-41.000000,0.000000,top
"U902","TPD4E05U06","USON-10_2.5x1.0mm_P0.5mm",44.500000,-41.000000,0.000000,top
"U1001","USBLC6-2SC6","SOT-23-6",24.000000,-46.000000,0.000000,top
"U1002","TPD4E05U06","USON-10_2.5x1.0mm_P0.5mm",74.000000,-40.000000,0.000000,top
"U1003","USBLC6-2SC6","SOT-23-6",74.000000,-44.000000,0.000000,top
"U1004","AP2171W","SOT-23-5",74.000000,-14.000000,0.000000,top
"Y501","24MHz","Crystal_SMD_3225-4Pin_3.2x2.5mm",53.500000,-36.500000,0.000000,top
