Designator,Mid X,Mid Y,Layer,Rotation
C311,20.000000mm,-26.000000mm,Bottom,0.000000
C312,20.000000mm,-24.000000mm,Bottom,0.000000
C315,60.500000mm,-33.000000mm,Bottom,0.000000
C316,60.500000mm,-31.000000mm,Bottom,0.000000
C401,40.000000mm,-26.000000mm,Bottom,0.000000
C402,40.000000mm,-24.000000mm,Bottom,0.000000
C403,40.000000mm,-28.000000mm,Bottom,0.000000
C404,36.500000mm,-26.000000mm,Bottom,0.000000
C405,43.000000mm,-26.000000mm,Bottom,0.000000
C406,43.000000mm,-24.500000mm,Bottom,0.000000
C407,43.000000mm,-27.500000mm,Bottom,0.000000
C408,37.000000mm,-24.000000mm,Bottom,0.000000
C409,37.000000mm,-28.000000mm,Bottom,0.000000
C410,40.000000mm,-22.000000mm,Bottom,0.000000
C411,37.500000mm,-21.000000mm,Bottom,0.000000
C412,34.500000mm,-29.500000mm,Bottom,0.000000
C413,48.000000mm,-26.000000mm,Bottom,0.000000
C414,32.000000mm,-24.500000mm,Bottom,0.000000
C415,48.000000mm,-24.500000mm,Bottom,0.000000
C416,32.000000mm,-27.500000mm,Bottom,0.000000
C417,48.500000mm,-28.000000mm,Bottom,0.000000
C418,34.500000mm,-19.000000mm,Bottom,0.000000
C419,37.500000mm,-18.000000mm,Bottom,0.000000
C420,40.000000mm,-17.500000mm,Bottom,0.000000
C421,40.000000mm,-34.500000mm,Bottom,0.000000
C422,32.000000mm,-23.000000mm,Bottom,0.000000
C423,48.000000mm,-23.000000mm,Bottom,0.000000
C424,32.000000mm,-29.000000mm,Bottom,0.000000
C425,47.500000mm,-21.500000mm,Bottom,0.000000
C426,48.500000mm,-30.000000mm,Bottom,0.000000
C427,45.500000mm,-18.000000mm,Bottom,0.000000
C428,31.000000mm,-26.000000mm,Bottom,0.000000
C429,32.500000mm,-21.000000mm,Bottom,0.000000
C430,45.000000mm,-33.500000mm,Bottom,0.000000
C431,42.500000mm,-17.000000mm,Bottom,0.000000
C432,42.500000mm,-35.000000mm,Bottom,0.000000
C433,47.500000mm,-20.000000mm,Bottom,0.000000
C434,47.500000mm,-32.000000mm,Bottom,0.000000
C435,37.000000mm,-16.000000mm,Bottom,0.000000
C436,39.500000mm,-36.500000mm,Bottom,0.000000
C437,40.000000mm,-16.000000mm,Bottom,0.000000
C438,31.000000mm,-30.500000mm,Bottom,0.000000
C439,45.000000mm,-35.000000mm,Bottom,0.000000
C440,50.500000mm,-26.000000mm,Bottom,0.000000
C441,29.500000mm,-24.500000mm,Bottom,0.000000
C442,50.500000mm,-24.500000mm,Bottom,0.000000
C443,29.500000mm,-27.500000mm,Bottom,0.000000
C444,33.500000mm,-17.000000mm,Bottom,0.000000
C445,48.000000mm,-34.000000mm,Bottom,0.000000
C446,43.000000mm,-15.000000mm,Bottom,0.000000
C447,31.500000mm,-19.500000mm,Bottom,0.000000
C448,42.500000mm,-36.500000mm,Bottom,0.000000
C449,31.000000mm,-32.000000mm,Bottom,0.000000
C450,29.500000mm,-23.000000mm,Bottom,0.000000
C451,50.500000mm,-23.000000mm,Bottom,0.000000
C452,29.500000mm,-29.000000mm,Bottom,0.000000
C453,30.000000mm,-21.500000mm,Bottom,0.000000
C454,50.000000mm,-21.500000mm,Bottom,0.000000
C455,36.500000mm,-36.500000mm,Bottom,0.000000
C456,48.500000mm,-18.500000mm,Bottom,0.000000
C457,40.000000mm,-14.500000mm,Bottom,0.000000
C458,28.500000mm,-26.000000mm,Bottom,0.000000
C459,46.500000mm,-16.000000mm,Bottom,0.000000
C460,51.500000mm,-27.500000mm,Bottom,0.000000
C461,45.000000mm,-36.500000mm,Bottom,0.000000
C462,50.000000mm,-20.000000mm,Bottom,0.000000
C463,50.000000mm,-32.000000mm,Bottom,0.000000
C464,31.000000mm,-33.500000mm,Bottom,0.000000
C465,51.500000mm,-29.000000mm,Bottom,0.000000
C466,34.000000mm,-36.500000mm,Bottom,0.000000
C467,37.000000mm,-14.000000mm,Bottom,0.000000
C468,42.500000mm,-38.000000mm,Bottom,0.000000
C469,28.500000mm,-30.500000mm,Bottom,0.000000
C470,51.500000mm,-30.500000mm,Bottom,0.000000
C471,30.500000mm,-18.000000mm,Bottom,0.000000
C472,47.500000mm,-36.000000mm,Bottom,0.000000
C473,36.500000mm,-38.000000mm,Bottom,0.000000
C474,40.000000mm,-38.500000mm,Bottom,0.000000
C475,34.000000mm,-15.000000mm,Bottom,0.000000
C476,29.000000mm,-20.000000mm,Bottom,0.000000
C477,31.000000mm,-35.000000mm,Bottom,0.000000
C478,28.500000mm,-32.000000mm,Bottom,0.000000
C479,40.000000mm,-13.000000mm,Bottom,0.000000
C480,53.000000mm,-26.000000mm,Bottom,0.000000
C481,45.000000mm,-38.000000mm,Bottom,0.000000
C482,49.500000mm,-17.000000mm,Bottom,0.000000
C483,27.000000mm,-24.500000mm,Bottom,0.000000
C484,53.000000mm,-24.500000mm,Bottom,0.000000
C485,27.000000mm,-27.500000mm,Bottom,0.000000
C486,42.500000mm,-13.000000mm,Bottom,0.000000
C487,27.500000mm,-21.500000mm,Bottom,0.000000
C488,52.500000mm,-21.500000mm,Bottom,0.000000
C489,51.000000mm,-18.500000mm,Bottom,0.000000
C490,51.000000mm,-33.500000mm,Bottom,0.000000
C491,27.000000mm,-23.000000mm,Bottom,0.000000
C492,53.000000mm,-23.000000mm,Bottom,0.000000
C493,27.000000mm,-29.000000mm,Bottom,0.000000
C494,46.000000mm,-14.000000mm,Bottom,0.000000
C495,34.000000mm,-38.000000mm,Bottom,0.000000
C496,30.500000mm,-16.500000mm,Bottom,0.000000
C497,31.500000mm,-36.500000mm,Bottom,0.000000
C498,28.500000mm,-33.500000mm,Bottom,0.000000
C499,47.500000mm,-37.500000mm,Bottom,0.000000
C503,37.500000mm,-39.500000mm,Bottom,0.000000
C504,42.500000mm,-39.500000mm,Bottom,0.000000
C601,20.000000mm,-28.000000mm,Bottom,0.000000
C602,16.500000mm,-26.000000mm,Bottom,0.000000
C603,23.000000mm,-26.000000mm,Bottom,0.000000
C604,23.000000mm,-24.500000mm,Bottom,0.000000
C605,23.000000mm,-27.500000mm,Bottom,0.000000
C606,17.000000mm,-24.000000mm,Bottom,0.000000
C607,17.000000mm,-28.000000mm,Bottom,0.000000
C608,20.000000mm,-22.000000mm,Bottom,0.000000
C609,19.000000mm,-30.000000mm,Bottom,0.000000
C610,23.000000mm,-23.000000mm,Bottom,0.000000
C611,23.000000mm,-29.000000mm,Bottom,0.000000
C612,17.000000mm,-22.500000mm,Bottom,0.000000
C613,16.500000mm,-29.500000mm,Bottom,0.000000
C614,22.500000mm,-21.500000mm,Bottom,0.000000
C615,19.500000mm,-20.000000mm,Bottom,0.000000
C616,25.500000mm,-26.000000mm,Bottom,0.000000
C617,14.500000mm,-24.000000mm,Bottom,0.000000
C618,14.500000mm,-28.000000mm,Bottom,0.000000
C619,16.500000mm,-21.000000mm,Bottom,0.000000
C620,22.500000mm,-20.000000mm,Bottom,0.000000
C621,13.000000mm,-26.000000mm,Bottom,0.000000
C622,14.500000mm,-22.500000mm,Bottom,0.000000
C623,25.000000mm,-21.500000mm,Bottom,0.000000
C624,14.000000mm,-29.500000mm,Bottom,0.000000
C625,16.500000mm,-19.500000mm,Bottom,0.000000
C626,25.000000mm,-20.000000mm,Bottom,0.000000
C627,14.000000mm,-21.000000mm,Bottom,0.000000
C628,22.500000mm,-18.500000mm,Bottom,0.000000
C629,20.000000mm,-18.000000mm,Bottom,0.000000
C630,12.000000mm,-24.000000mm,Bottom,0.000000
C631,12.000000mm,-28.000000mm,Bottom,0.000000
C632,17.500000mm,-18.000000mm,Bottom,0.000000
C633,12.000000mm,-22.500000mm,Bottom,0.000000
C634,14.000000mm,-19.500000mm,Bottom,0.000000
C701,61.000000mm,-15.000000mm,Bottom,0.000000
C702,6.000000mm,-24.000000mm,Bottom,0.000000
C703,6.000000mm,-30.000000mm,Bottom,0.000000
C704,2.500000mm,-27.000000mm,Bottom,0.000000
C705,61.000000mm,-13.500000mm,Bottom,0.000000
C706,61.000000mm,-16.500000mm,Bottom,0.000000
C707,58.500000mm,-15.000000mm,Bottom,0.000000
C708,3.000000mm,-24.000000mm,Bottom,0.000000
C709,9.500000mm,-27.000000mm,Bottom,0.000000
C801,70.500000mm,-33.000000mm,Bottom,0.000000
C802,70.500000mm,-32.000000mm,Bottom,0.000000
C803,60.500000mm,-35.000000mm,Bottom,0.000000
C804,60.500000mm,-29.000000mm,Bottom,0.000000
C805,70.500000mm,-36.500000mm,Bottom,0.000000
C806,61.500000mm,-37.000000mm,Bottom,0.000000
C4100,40.000000mm,-30.000000mm,Bottom,0.000000
C4101,43.000000mm,-23.000000mm,Bottom,0.000000
C4102,43.000000mm,-29.000000mm,Bottom,0.000000
C4103,37.000000mm,-22.500000mm,Bottom,0.000000
C4104,37.000000mm,-29.500000mm,Bottom,0.000000
C4105,42.500000mm,-21.500000mm,Bottom,0.000000
C4106,42.500000mm,-30.500000mm,Bottom,0.000000
C4107,40.000000mm,-20.500000mm,Bottom,0.000000
C4108,45.500000mm,-26.000000mm,Bottom,0.000000
C4109,40.000000mm,-31.500000mm,Bottom,0.000000
C4110,45.500000mm,-24.500000mm,Bottom,0.000000
C4111,45.500000mm,-27.500000mm,Bottom,0.000000
C4112,34.500000mm,-24.000000mm,Bottom,0.000000
C4113,34.500000mm,-28.000000mm,Bottom,0.000000
C4114,45.500000mm,-23.000000mm,Bottom,0.000000
C4115,45.500000mm,-29.000000mm,Bottom,0.000000
C4116,42.500000mm,-20.000000mm,Bottom,0.000000
C4117,33.500000mm,-26.000000mm,Bottom,0.000000
C4118,42.500000mm,-32.000000mm,Bottom,0.000000
C4119,34.500000mm,-22.500000mm,Bottom,0.000000
C4120,45.000000mm,-21.500000mm,Bottom,0.000000
C4121,45.000000mm,-30.500000mm,Bottom,0.000000
C4122,37.500000mm,-19.500000mm,Bottom,0.000000
C4123,40.000000mm,-19.000000mm,Bottom,0.000000
C4124,40.000000mm,-33.000000mm,Bottom,0.000000
C4125,35.000000mm,-21.000000mm,Bottom,0.000000
C4126,45.000000mm,-20.000000mm,Bottom,0.000000
C4127,45.000000mm,-32.000000mm,Bottom,0.000000
C4128,42.500000mm,-18.500000mm,Bottom,0.000000
C4129,42.500000mm,-33.500000mm,Bottom,0.000000
H801,23.000000mm,-33.000000mm,Bottom,180.000000
H802,35.000000mm,-33.000000mm,Bottom,180.000000
J701,9.225000mm,-39.030000mm,Bottom,90.000000
J801,66.000000mm,-33.000000mm,Bottom,90.000000
R502,52.500000mm,-20.000000mm,Bottom,0.000000
R503,52.500000mm,-32.000000mm,Bottom,0.000000
R504,31.500000mm,-15.000000mm,Bottom,0.000000
R505,40.000000mm,-40.000000mm,Bottom,0.000000
R506,54.000000mm,-27.500000mm,Bottom,0.000000
R601,25.000000mm,-18.500000mm,Bottom,0.000000
R602,11.500000mm,-29.500000mm,Bottom,0.000000
R701,63.500000mm,-15.000000mm,Bottom,0.000000
R702,59.000000mm,-13.500000mm,Bottom,0.000000
R703,63.000000mm,-13.500000mm,Bottom,0.000000
R704,59.000000mm,-16.500000mm,Bottom,0.000000
R705,63.000000mm,-16.500000mm,Bottom,0.000000
R706,61.000000mm,-12.000000mm,Bottom,0.000000
R707,61.000000mm,-18.000000mm,Bottom,0.000000
R708,59.000000mm,-12.500000mm,Bottom,0.000000
R709,63.000000mm,-12.500000mm,Bottom,0.000000
R710,59.000000mm,-18.000000mm,Bottom,0.000000
R711,9.225000mm,-30.030000mm,Bottom,0.000000
R712,7.225000mm,-48.030000mm,Bottom,0.000000
R713,4.725000mm,-48.030000mm,Bottom,0.000000
R714,19.725000mm,-39.030000mm,Bottom,0.000000
R715,3.724999mm,-30.030000mm,Bottom,0.000000
R716,19.725000mm,-37.530000mm,Bottom,0.000000
R801,70.500000mm,-38.000000mm,Bottom,0.000000
R802,61.500000mm,-38.500000mm,Bottom,0.000000
R803,61.500000mm,-27.000000mm,Bottom,0.000000
R804,73.000000mm,-36.500000mm,Bottom,0.000000
R916,35.000000mm,-39.500000mm,Bottom,0.000000
R1002,34.000000mm,-13.500000mm,Bottom,0.000000
U702,6.000000mm,-27.000000mm,Bottom,180.000000
C101,69.500000mm,-17.500000mm,Top,0.000000
C102,69.500000mm,-20.000000mm,Top,0.000000
C103,69.500000mm,-22.500000mm,Top,0.000000
C104,69.500000mm,-11.500000mm,Top,0.000000
C105,77.500000mm,-12.000000mm,Top,0.000000
C201,40.000000mm,-13.000000mm,Top,0.000000
C202,40.000000mm,-15.000000mm,Top,0.000000
C203,33.000000mm,-3.000000mm,Top,0.000000
C204,29.500000mm,-3.000000mm,Top,0.000000
C205,52.000000mm,-7.000000mm,Top,0.000000
C206,52.000000mm,-9.500000mm,Top,0.000000
C207,52.000000mm,-12.000000mm,Top,0.000000
C208,52.000000mm,-14.000000mm,Top,0.000000
C209,26.000000mm,-3.500000mm,Top,0.000000
C210,26.000000mm,-1.500000mm,Top,0.000000
C211,56.000000mm,-6.500000mm,Top,0.000000
C212,25.000000mm,-15.500000mm,Top,0.000000
C213,22.500000mm,-3.500000mm,Top,0.000000
C214,22.500000mm,-1.500000mm,Top,0.000000
C215,21.500000mm,-15.500000mm,Top,0.000000
C216,19.000000mm,-3.500000mm,Top,0.000000
C217,19.000000mm,-1.500000mm,Top,0.000000
C218,17.500000mm,-11.500000mm,Top,0.000000
C219,56.000000mm,-23.500000mm,Top,0.000000
C220,51.000000mm,-27.500000mm,Top,0.000000
C221,17.500000mm,-13.500000mm,Top,0.000000
C222,18.000000mm,-15.500000mm,Top,0.000000
C223,56.000000mm,-25.500000mm,Top,0.000000
C224,64.500000mm,-6.500000mm,Top,0.000000
C225,15.500000mm,-4.500000mm,Top,0.000000
C226,15.500000mm,-2.500000mm,Top,0.000000
C227,51.000000mm,-29.500000mm,Top,0.000000
C228,54.500000mm,-27.500000mm,Top,0.000000
C229,59.500000mm,-23.500000mm,Top,0.000000
C230,14.000000mm,-11.500000mm,Top,0.000000
C231,54.500000mm,-29.500000mm,Top,0.000000
C232,14.000000mm,-13.500000mm,Top,0.000000
C233,51.000000mm,-31.500000mm,Top,0.000000
C234,14.500000mm,-15.500000mm,Top,0.000000
C235,59.500000mm,-25.500000mm,Top,0.000000
C236,58.000000mm,-27.500000mm,Top,0.000000
C237,46.000000mm,-4.500000mm,Top,0.000000
C238,37.000000mm,-13.000000mm,Top,0.000000
C239,43.000000mm,-13.000000mm,Top,0.000000
C240,46.000000mm,-3.000000mm,Top,0.000000
C241,37.000000mm,-14.500000mm,Top,0.000000
C242,43.000000mm,-14.500000mm,Top,0.000000
C243,46.000000mm,-1.500000mm,Top,0.000000
C244,18.500000mm,-7.000000mm,Top,0.000000
C245,18.500000mm,-5.500000mm,Top,0.000000
C246,18.500000mm,-8.500000mm,Top,0.000000
C247,62.500000mm,-23.000000mm,Top,0.000000
C248,12.500000mm,-4.500000mm,Top,0.000000
C249,12.500000mm,-3.000000mm,Top,0.000000
C250,30.000000mm,-33.000000mm,Top,0.000000
C251,12.500000mm,-1.500000mm,Top,0.000000
C252,54.000000mm,-31.500000mm,Top,0.000000
C301,9.500000mm,-5.000000mm,Top,0.000000
C302,9.500000mm,-11.000000mm,Top,0.000000
C303,51.000000mm,-33.500000mm,Top,0.000000
C304,58.000000mm,-29.500000mm,Top,0.000000
C305,9.500000mm,-17.500000mm,Top,0.000000
C306,5.000000mm,-8.000000mm,Top,0.000000
C307,63.000000mm,-25.000000mm,Top,0.000000
C308,40.000000mm,-36.500000mm,Top,0.000000
C309,6.000000mm,-21.000000mm,Top,0.000000
C310,6.000000mm,-11.000000mm,Top,0.000000
C313,58.000000mm,-49.000000mm,Top,0.000000
C314,2.500000mm,-10.000000mm,Top,0.000000
C317,70.500000mm,-5.500000mm,Top,0.000000
C318,74.000000mm,-8.500000mm,Top,0.000000
C501,53.500000mm,-39.500000mm,Top,0.000000
C502,54.000000mm,-33.500000mm,Top,0.000000
C505,30.000000mm,-34.500000mm,Top,0.000000
C901,46.500000mm,-41.000000mm,Top,0.000000
C902,46.500000mm,-40.000000mm,Top,0.000000
C903,50.500000mm,-41.000000mm,Top,0.000000
C904,50.500000mm,-40.000000mm,Top,0.000000
C905,46.500000mm,-42.000000mm,Top,0.000000
C906,50.500000mm,-42.000000mm,Top,0.000000
C907,44.500000mm,-38.500000mm,Top,0.000000
C908,45.500000mm,-43.500000mm,Top,0.000000
C909,36.000000mm,-38.425000mm,Top,0.000000
C910,28.000000mm,-42.425000mm,Top,0.000000
C1001,70.155000mm,-31.500000mm,Top,0.000000
C1002,70.155000mm,-30.500000mm,Top,0.000000
C1003,69.500000mm,-14.000000mm,Top,0.000000
C1004,74.000000mm,-11.000000mm,Top,0.000000
D101,74.000000mm,-17.500000mm,Top,0.000000
D901,79.000000mm,-17.500000mm,Top,0.000000
F101,79.000000mm,-14.500000mm,Top,0.000000
F901,81.000000mm,-11.500000mm,Top,0.000000
FB301,61.000000mm,-6.500000mm,Top,0.000000
FID1201,9.000000mm,-2.500000mm,Top,0.000000
FID1202,77.000000mm,-9.000000mm,Top,0.000000
FID1203,23.000000mm,-53.000000mm,Top,0.000000
J101,14.000000mm,-52.805000mm,Top,0.000000
J501,64.000000mm,-52.600000mm,Top,90.000000
J901,36.000000mm,-48.425000mm,Top,-90.000000
J1001,74.655000mm,-31.500000mm,Top,90.000000
L201,32.500000mm,-7.000000mm,Top,0.000000
L202,47.500000mm,-8.000000mm,Top,0.000000
L203,32.500000mm,-12.500000mm,Top,0.000000
L204,47.500000mm,-13.500000mm,Top,0.000000
L205,27.000000mm,-7.000000mm,Top,0.000000
L206,27.000000mm,-12.000000mm,Top,0.000000
L207,51.500000mm,-19.000000mm,Top,0.000000
L208,22.000000mm,-7.000000mm,Top,0.000000
L209,22.000000mm,-12.000000mm,Top,0.000000
L210,51.500000mm,-24.000000mm,Top,0.000000
L301,14.500000mm,-8.000000mm,Top,0.000000
L302,4.500000mm,-14.500000mm,Top,0.000000
L303,9.500000mm,-25.500000mm,Top,0.000000
L304,58.000000mm,-41.500000mm,Top,0.000000
LED101,3.500000mm,-46.000000mm,Top,0.000000
LED501,3.500000mm,-43.000000mm,Top,0.000000
LED801,3.500000mm,-40.000000mm,Top,0.000000
Q901,29.000000mm,-26.000000mm,Top,0.000000
Q902,29.000000mm,-22.000000mm,Top,0.000000
Q903,29.000000mm,-30.000000mm,Top,0.000000
Q904,29.000000mm,-18.000000mm,Top,0.000000
Q905,36.000000mm,-40.925000mm,Top,0.000000
Q906,31.500000mm,-40.925000mm,Top,0.000000
Q907,40.500000mm,-40.925000mm,Top,0.000000
R101,14.000000mm,-46.305000mm,Top,0.000000
R102,11.500000mm,-46.305000mm,Top,0.000000
R103,16.500000mm,-46.305000mm,Top,0.000000
R201,61.000000mm,-27.500000mm,Top,0.000000
R203,37.000000mm,-36.500000mm,Top,0.000000
R205,65.000000mm,-23.000000mm,Top,0.000000
R207,12.000000mm,-17.500000mm,Top,0.000000
R209,34.500000mm,-36.500000mm,Top,0.000000
R211,50.000000mm,-35.500000mm,Top,0.000000
R212,61.000000mm,-29.000000mm,Top,0.000000
R213,32.000000mm,-36.500000mm,Top,0.000000
R214,27.500000mm,-35.000000mm,Top,0.000000
R301,2.000000mm,-8.000000mm,Top,0.000000
R302,7.000000mm,-18.000000mm,Top,0.000000
R303,4.500000mm,-18.000000mm,Top,0.000000
R304,6.000000mm,-19.500000mm,Top,0.000000
R305,6.000000mm,-22.500000mm,Top,0.000000
R306,6.000000mm,-24.000000mm,Top,0.000000
R307,54.500000mm,-46.000000mm,Top,0.000000
R308,61.500000mm,-46.000000mm,Top,0.000000
R901,25.000000mm,-35.000000mm,Top,0.000000
R902,29.000000mm,-36.500000mm,Top,0.000000
R903,22.500000mm,-35.000000mm,Top,0.000000
R904,26.500000mm,-36.500000mm,Top,0.000000
R905,29.000000mm,-38.000000mm,Top,0.000000
R906,24.000000mm,-36.500000mm,Top,0.000000
R907,20.000000mm,-35.000000mm,Top,0.000000
R908,21.500000mm,-36.500000mm,Top,0.000000
R909,33.500000mm,-38.425000mm,Top,0.000000
R910,38.500000mm,-38.425000mm,Top,0.000000
R911,41.000000mm,-38.425000mm,Top,0.000000
R912,28.000000mm,-40.925000mm,Top,0.000000
R913,28.000000mm,-39.425000mm,Top,0.000000
R914,26.500000mm,-37.925000mm,Top,0.000000
R915,46.000000mm,-48.425000mm,Top,0.000000
R917,26.000000mm,-48.925000mm,Top,0.000000
R1001,24.000000mm,-43.000000mm,Top,0.000000
R1003,74.000000mm,-7.000000mm,Top,0.000000
R1004,79.500000mm,-9.000000mm,Top,0.000000
SW501,51.000000mm,-3.000000mm,Top,0.000000
SW502,58.000000mm,-3.000000mm,Top,0.000000
SW503,65.000000mm,-3.000000mm,Top,0.000000
U201,40.000000mm,-7.000000mm,Top,0.000000
U301,9.500000mm,-8.000000mm,Top,0.000000
U302,9.500000mm,-14.500000mm,Top,0.000000
U303,9.500000mm,-21.000000mm,Top,0.000000
U304,58.000000mm,-46.000000mm,Top,0.000000
U305,70.500000mm,-8.500000mm,Top,0.000000
U401,40.000000mm,-26.000000mm,Top,0.000000
U601,20.000000mm,-26.000000mm,Top,0.000000
U701,61.000000mm,-15.000000mm,Top,0.000000
U901,48.500000mm,-41.000000mm,Top,0.000000
U902,44.500000mm,-41.000000mm,Top,0.000000
U1001,24.000000mm,-46.000000mm,Top,0.000000
U1002,74.000000mm,-40.000000mm,Top,0.000000
U1003,74.000000mm,-44.000000mm,Top,0.000000
U1004,74.000000mm,-14.000000mm,Top,0.000000
Y501,53.500000mm,-36.500000mm,Top,0.000000
